
[{"model": "contenttypes.contenttype", "pk": 1, "fields": {"app_label": "admin", "model": "logentry"}}, {"model": "contenttypes.contenttype", "pk": 2, "fields": {"app_label": "auth", "model": "permission"}}, {"model": "contenttypes.contenttype", "pk": 3, "fields": {"app_label": "auth", "model": "group"}}, {"model": "contenttypes.contenttype", "pk": 4, "fields": {"app_label": "auth", "model": "user"}}, {"model": "contenttypes.contenttype", "pk": 5, "fields": {"app_label": "contenttypes", "model": "contenttype"}}, {"model": "contenttypes.contenttype", "pk": 6, "fields": {"app_label": "sessions", "model": "session"}}, {"model": "contenttypes.contenttype", "pk": 7, "fields": {"app_label": "workers", "model": "city"}}, {"model": "contenttypes.contenttype", "pk": 8, "fields": {"app_label": "workers", "model": "departament_block"}}, {"model": "contenttypes.contenttype", "pk": 9, "fields": {"app_label": "workers", "model": "departaments"}}, {"model": "contenttypes.contenttype", "pk": 10, "fields": {"app_label": "workers", "model": "position"}}, {"model": "contenttypes.contenttype", "pk": 11, "fields": {"app_label": "workers", "model": "units"}}, {"model": "contenttypes.contenttype", "pk": 12, "fields": {"app_label": "workers", "model": "workers"}}, {"model": "sessions.session", "pk": "b34cw9piyx5fy57g5tpn2o0nklnelhw2", "fields": {"session_data": "MDk1Njc4NDRkYTliYmE2ZGU0MTU4NTMzODU3ZWY0MDNjZWM4ODE2NTp7Il9hdXRoX3VzZXJfaWQiOiIxIiwiX2F1dGhfdXNlcl9iYWNrZW5kIjoiZGphbmdvLmNvbnRyaWIuYXV0aC5iYWNrZW5kcy5Nb2RlbEJhY2tlbmQiLCJfYXV0aF91c2VyX2hhc2giOiJhNDZmOTQ0OThiN2M3YTIxMmJjMzVjNzQxOWExNGU5ZDVkYWFiZGI0In0=", "expire_date": "2019-05-29T06:18:31.736Z"}}, {"model": "sessions.session", "pk": "eb7z28dm6mfwaoy8mfct6wrlfcwbt72m", "fields": {"session_data": "MDk1Njc4NDRkYTliYmE2ZGU0MTU4NTMzODU3ZWY0MDNjZWM4ODE2NTp7Il9hdXRoX3VzZXJfaWQiOiIxIiwiX2F1dGhfdXNlcl9iYWNrZW5kIjoiZGphbmdvLmNvbnRyaWIuYXV0aC5iYWNrZW5kcy5Nb2RlbEJhY2tlbmQiLCJfYXV0aF91c2VyX2hhc2giOiJhNDZmOTQ0OThiN2M3YTIxMmJjMzVjNzQxOWExNGU5ZDVkYWFiZGI0In0=", "expire_date": "2019-05-29T11:52:03.572Z"}}, {"model": "sessions.session", "pk": "gi8oq1o0uas50tm28gu90mdjt6mnegp3", "fields": {"session_data": "MDk1Njc4NDRkYTliYmE2ZGU0MTU4NTMzODU3ZWY0MDNjZWM4ODE2NTp7Il9hdXRoX3VzZXJfaWQiOiIxIiwiX2F1dGhfdXNlcl9iYWNrZW5kIjoiZGphbmdvLmNvbnRyaWIuYXV0aC5iYWNrZW5kcy5Nb2RlbEJhY2tlbmQiLCJfYXV0aF91c2VyX2hhc2giOiJhNDZmOTQ0OThiN2M3YTIxMmJjMzVjNzQxOWExNGU5ZDVkYWFiZGI0In0=", "expire_date": "2019-06-03T09:35:14.065Z"}}, {"model": "sessions.session", "pk": "xsvf4c25w1jxqnji9oor8topln29des7", "fields": {"session_data": "MDk1Njc4NDRkYTliYmE2ZGU0MTU4NTMzODU3ZWY0MDNjZWM4ODE2NTp7Il9hdXRoX3VzZXJfaWQiOiIxIiwiX2F1dGhfdXNlcl9iYWNrZW5kIjoiZGphbmdvLmNvbnRyaWIuYXV0aC5iYWNrZW5kcy5Nb2RlbEJhY2tlbmQiLCJfYXV0aF91c2VyX2hhc2giOiJhNDZmOTQ0OThiN2M3YTIxMmJjMzVjNzQxOWExNGU5ZDVkYWFiZGI0In0=", "expire_date": "2019-05-27T06:56:20.639Z"}}, {"model": "workers.units", "pk": 1, "fields": {"name": "\u0426\u0435\u043d\u0442\u0440\u0430\u043b\u044c\u043d\u043e\u0433\u043e \u0430\u043f\u043f\u0430\u0440\u0430\u0442", "slug": "tsentralnogo-apparat"}}, {"model": "workers.units", "pk": 2, "fields": {"name": "\u0410\u0441\u0442\u0430\u043d\u0430 \u0438 \u041f\u0430\u0432\u043b\u043e\u0434\u0430\u0440\u0441\u043a\u043e\u0439 \u043e\u0431\u043b\u0430\u0441\u0442\u0438", "slug": "filial-po-gastana-i-pavlodarskoj-oblasti"}}, {"model": "workers.units", "pk": 3, "fields": {"name": "\u0410\u043b\u043c\u0430\u0442\u044b \u0438 \u0410\u043b\u043c\u0430\u0442\u0438\u043d\u0441\u043a\u043e\u0439 \u043e\u0431\u043b\u0430\u0441\u0442\u0438", "slug": "filial-po-almati-i-almatinskoj-oblasti"}}, {"model": "workers.units", "pk": 4, "fields": {"name": "\u0410\u043a\u0442\u044e\u0431\u0438\u043d\u0441\u043a\u043e\u0439 \u043e\u0431\u043b\u0430\u0441\u0442\u0438", "slug": "filial-po-aktyubinskoj-oblasti"}}, {"model": "workers.units", "pk": 5, "fields": {"name": "\u0417\u0430\u043f\u0430\u0434\u043d\u043e-\u041a\u0430\u0437\u0430\u0445\u0441\u0442\u0430\u043d\u0441\u043a\u043e\u0439 \u043e\u0431\u043b\u0430\u0441\u0442\u0438", "slug": "filial-po-zapadno-kazakhstanskoj-oblasti"}}, {"model": "workers.units", "pk": 6, "fields": {"name": "\u041a\u0430\u0440\u0430\u0433\u0430\u043d\u0434\u0438\u043d\u0441\u043a\u043e\u0439 \u043e\u0431\u043b\u0430\u0441\u0442\u0438", "slug": "filial-po-karagandinskoj-oblasti"}}, {"model": "workers.units", "pk": 7, "fields": {"name": "\u0412\u043e\u0441\u0442\u043e\u0447\u043d\u043e-\u041a\u0430\u0437\u0430\u0445\u0441\u0442\u0430\u043d\u0441\u043a\u043e\u0439 \u043e\u0431\u043b\u0430\u0441\u0442\u0438", "slug": "filial-po-vostochno-kazakhstanskoj-oblasti"}}, {"model": "workers.units", "pk": 8, "fields": {"name": "\u0421\u0435\u0432\u0435\u0440\u043e-\u041a\u0430\u0437\u0430\u0445\u0441\u0442\u0430\u043d\u0441\u043a\u043e\u0439 \u043e\u0431\u043b\u0430\u0441\u0442\u0438", "slug": "filial-po-severo-kazakhstanskoj-oblasti"}}, {"model": "workers.units", "pk": 9, "fields": {"name": "\u0410\u043a\u043c\u043e\u043b\u0438\u043d\u0441\u043a\u043e\u0439 \u0438 \u041a\u043e\u0441\u0442\u0430\u043d\u0430\u0439\u0441\u043a\u043e\u0439 \u043e\u0431\u043b\u0430\u0441\u0442\u044f\u043c", "slug": "filial-po-akmolinskoj-i-kostanajskoj-oblastyam"}}, {"model": "workers.units", "pk": 10, "fields": {"name": "\u041c\u0430\u043d\u0433\u0438\u0441\u0442\u0430\u0443\u0441\u043a\u043e\u0439 \u043e\u0431\u043b\u0430\u0441\u0442\u0438", "slug": "filial-po-mangistauskoj-oblasti"}}, {"model": "workers.units", "pk": 11, "fields": {"name": "\u0416\u0430\u043c\u0431\u044b\u043b\u0441\u043a\u043e\u0439, \u041a\u044b\u0437\u044b\u043b\u043e\u0440\u0434\u0438\u043d\u0441\u043a\u043e\u0439 \u0438 \u042e\u0436\u043d\u043e-\u041a\u0430\u0437\u0430\u0445\u0441\u0442\u0430\u043d\u0441\u043a\u043e\u0439 \u043e\u0431\u043b\u0430\u0441\u0442\u044f\u043c", "slug": "filial-po-zhambilskoj-kizilordinskoj-i-yuzhno-kazakhstanskoj-oblastyam"}}, {"model": "workers.units", "pk": 12, "fields": {"name": "\u0410\u0442\u044b\u0440\u0430\u0443\u0441\u043a\u043e\u0439 \u043e\u0431\u043b\u0430\u0441\u0442\u0438", "slug": "filial-po-atirauskoj-oblasti"}}, {"model": "workers.departaments", "pk": 1, "fields": {"name": "\u0420\u0443\u043a\u043e\u0432\u043e\u0434\u0441\u0442\u0432\u043e", "slug": "1-rukovodstvo", "units": 1}}, {"model": "workers.departaments", "pk": 2, "fields": {"name": "\u0424\u0438\u043d\u0430\u043d\u0441\u043e\u0432\u044b\u0439 \u0434\u0435\u043f\u0430\u0440\u0442\u0430\u043c\u0435\u043d\u0442", "slug": "1-finansovij-departament", "units": 1}}, {"model": "workers.departaments", "pk": 3, "fields": {"name": "\u0414\u0435\u043f\u0430\u0440\u0442\u0430\u043c\u0435\u043d\u0442 \u0431\u0443\u0445\u0433\u0430\u043b\u0442\u0435\u0440\u0441\u043a\u043e\u0433\u043e \u0443\u0447\u0435\u0442\u0430 \u0438 \u043e\u0442\u0447\u0435\u0442\u043d\u043e\u0441\u0442\u0438", "slug": "1-departament-bukhgalterskogo-ucheta-i-otchetnosti", "units": 1}}, {"model": "workers.departaments", "pk": 4, "fields": {"name": "\u041e\u0442\u0434\u0435\u043b \u041a\u0430\u0437\u043d\u0430\u0447\u0435\u0439\u0441\u0442\u0432\u0430", "slug": "1-otdel-kaznachejstva", "units": 1}}, {"model": "workers.departaments", "pk": 5, "fields": {"name": "\u041e\u0442\u0434\u0435\u043b \u043d\u0430\u043b\u043e\u0433\u043e\u0432\u043e\u0433\u043e \u0443\u0447\u0435\u0442\u0430, \u043e\u0442\u0447\u0435\u0442\u043d\u043e\u0441\u0442\u0438 \u0438 \u043a\u043e\u043d\u0442\u0440\u043e\u043b\u044f", "slug": "1-otdel-nalogovogo-ucheta-otchetnosti-i-kontrolya", "units": 1}}, {"model": "workers.departaments", "pk": 6, "fields": {"name": "\u0414\u0435\u043f\u0430\u0440\u0442\u0430\u043c\u0435\u043d\u0442 \u0438\u043d\u0444\u043e\u0440\u043c\u0430\u0446\u0438\u043e\u043d\u043d\u044b\u0445 \u0442\u0435\u0445\u043d\u043e\u043b\u043e\u0433\u0438\u0439 IT", "slug": "1-departament-informatsionnikh-tekhnologij-it", "units": 1}}, {"model": "workers.departaments", "pk": 7, "fields": {"name": "\u0414\u0435\u043f\u0430\u0440\u0442\u0430\u043c\u0435\u043d\u0442 \u043c\u0430\u0440\u043a\u0435\u0442\u0438\u043d\u0433\u0430 \u0438 \u0441\u0442\u0440\u0430\u0442\u0435\u0433\u0438\u0447\u0435\u0441\u043a\u043e\u0433\u043e \u0440\u0430\u0437\u0432\u0438\u0442\u0438\u044f", "slug": "1-departament-marketinga-i-strategicheskogo-razvitiya", "units": 1}}, {"model": "workers.departaments", "pk": 8, "fields": {"name": "\u0414\u0435\u043f\u0430\u0440\u0442\u0430\u043c\u0435\u043d\u0442 \u0443\u043f\u0440\u0430\u0432\u043b\u0435\u043d\u0438\u044f \u043f\u0435\u0440\u0441\u043e\u043d\u0430\u043b\u043e\u043c", "slug": "1-departament-upravleniya-personalom", "units": 1}}, {"model": "workers.departaments", "pk": 9, "fields": {"name": "\u0414\u0435\u043f\u0430\u0440\u0442\u0430\u043c\u0435\u043d\u0442 \u043e\u0445\u0440\u0430\u043d\u044b \u0442\u0440\u0443\u0434\u0430 \u0438 \u043e\u043a\u0440\u0443\u0436\u0430\u044e\u0449\u0435\u0439 \u0441\u0440\u0435\u0434\u044b", "slug": "1-departament-okhrani-truda-i-okruzhayushchej-sredi", "units": 1}}, {"model": "workers.departaments", "pk": 10, "fields": {"name": "\u0414\u0435\u043f\u0430\u0440\u0442\u0430\u043c\u0435\u043d\u0442 \u043f\u0440\u0430\u0432\u043e\u0432\u043e\u0433\u043e \u043e\u0431\u0435\u0441\u043f\u0435\u0447\u0435\u043d\u0438\u044f", "slug": "1-departament-pravovogo-obespecheniya", "units": 1}}, {"model": "workers.departaments", "pk": 11, "fields": {"name": "\u0414\u0435\u043f\u0430\u0440\u0442\u0430\u043c\u0435\u043d\u0442 \u043a\u043e\u043d\u0442\u0440\u043e\u043b\u044f \u0437\u0430\u043a\u0443\u043f\u043e\u043a", "slug": "1-departament-kontrolya-zakupok", "units": 1}}, {"model": "workers.departaments", "pk": 12, "fields": {"name": "\u0410\u0434\u043c\u0438\u043d\u0438\u0441\u0442\u0440\u0430\u0442\u0438\u0432\u043d\u044b\u0439 \u0434\u0435\u043f\u0430\u0440\u0442\u0430\u043c\u0435\u043d\u0442", "slug": "1-administrativnij-departament", "units": 1}}, {"model": "workers.departaments", "pk": 13, "fields": {"name": "\u0414\u0435\u043f\u0430\u0440\u0442\u0430\u043c\u0435\u043d\u0442 \u0443\u043f\u0440\u0430\u0432\u043b\u0435\u043d\u0438\u044f \u0437\u0430\u043f\u0430\u0441\u0430\u043c\u0438 \u0438 \u043b\u043e\u0433\u0438\u0441\u0442\u0438\u043a\u0438", "slug": "1-departament-upravleniya-zapasami-i-logistiki", "units": 1}}, {"model": "workers.departaments", "pk": 14, "fields": {"name": "\u0414\u0435\u043f\u0430\u0440\u0442\u0430\u043c\u0435\u043d\u0442 \u0440\u0435\u0430\u043b\u0438\u0437\u0430\u0446\u0438\u0438 \u043d\u0435\u0444\u0442\u0435\u043f\u0440\u043e\u0434\u0443\u043a\u0442\u043e\u0432", "slug": "1-departament-realizatsii-nefteproduktov", "units": 1}}, {"model": "workers.departaments", "pk": 15, "fields": {"name": "\u0414\u0435\u043f\u0430\u0440\u0442\u0430\u043c\u0435\u043d\u0442 \u0442\u0435\u0445\u043d\u0438\u0447\u0435\u0441\u043a\u043e\u0439 \u043f\u043e\u0434\u0434\u0435\u0440\u0436\u043a\u0438", "slug": "1-departament-tekhnicheskoj-podderzhki", "units": 1}}, {"model": "workers.departaments", "pk": 16, "fields": {"name": "\u041e\u0442\u0434\u0435\u043b \u043a\u043e\u043d\u0442\u0440\u043e\u043b\u044f \u043a\u0430\u0447\u0435\u0441\u0442\u0432\u0430 \u043d\u0435\u0444\u0442\u0435\u043f\u0440\u043e\u0434\u0443\u043a\u0442\u043e\u0432", "slug": "1-otdel-kontrolya-kachestva-nefteproduktov", "units": 1}}, {"model": "workers.departaments", "pk": 17, "fields": {"name": "\u041e\u0442\u0434\u0435\u043b \u0443\u043f\u0440\u0430\u0432\u043b\u0435\u043d\u0438\u044f \u0430\u043a\u0442\u0438\u0432\u0430\u043c\u0438", "slug": "1-otdel-upravleniya-aktivami", "units": 1}}, {"model": "workers.departaments", "pk": 18, "fields": {"name": "\u0422\u0440\u0430\u043d\u0441\u043f\u043e\u0440\u0442\u043d\u044b\u0439 \u043e\u0442\u0434\u0435\u043b", "slug": "1-transportnij-otdel", "units": 1}}, {"model": "workers.departaments", "pk": 19, "fields": {"name": "\u0420\u0443\u043a\u043e\u0432\u043e\u0434\u0441\u0442\u0432\u043e", "slug": "2-rukovodstvo", "units": 2}}, {"model": "workers.departament_block", "pk": 1, "fields": {"name": "\u041e\u0442\u0434\u0435\u043b \u043c\u0430\u0440\u043a\u0435\u0442\u0438\u043d\u0433\u0430", "slug": "1_7_otdel-marketinga", "deps": 7}}, {"model": "workers.departament_block", "pk": 2, "fields": {"name": "\u041e\u0442\u0434\u0435\u043b \u0441\u0442\u0440\u0430\u0442\u0435\u0433\u0438\u0447\u0435\u0441\u043a\u043e\u0433\u043e \u043f\u043b\u0430\u043d\u0438\u0440\u043e\u0432\u0430\u043d\u0438\u044f", "slug": "1_7_otdel-strategicheskogo-planirovaniya", "deps": 7}}, {"model": "workers.departament_block", "pk": 3, "fields": {"name": "\u041e\u0442\u0434\u0435\u043b \u0437\u0430\u043a\u0443\u043f\u0430 \u0422\u041d\u041f", "slug": "1_7_otdel-zakupa-tnp", "deps": 7}}, {"model": "workers.departament_block", "pk": 4, "fields": {"name": "\u041e\u0442\u0434\u0435\u043b \u0432\u0437\u0430\u0438\u043c\u043e\u0434\u0435\u0439\u0441\u0442\u0432\u0438\u044f \u0441 \u043d\u0435\u0444\u0442\u0435\u0431\u0430\u0437\u0430\u043c\u0438", "slug": "1_13_otdel-vzaimodejstviya-s-neftebazami", "deps": 13}}, {"model": "workers.departament_block", "pk": 5, "fields": {"name": "\u041e\u0442\u0434\u0435\u043b \u0442\u0440\u0430\u043d\u0441\u043f\u043e\u0440\u0442\u043d\u043e\u0439 \u043b\u043e\u0433\u0438\u0441\u0442\u0438\u043a\u0438", "slug": "1_13_otdel-transportnoj-logistiki", "deps": 13}}, {"model": "workers.departament_block", "pk": 6, "fields": {"name": "\u041e\u0442\u0434\u0435\u043b \u0437\u0430\u043a\u0443\u043f\u0430 \u0438 \u043f\u043b\u0430\u043d\u0438\u0440\u043e\u0432\u0430\u043d\u0438\u044f \u0437\u0430\u043f\u0430\u0441\u043e\u0432", "slug": "1_13_otdel-zakupa-i-planirovaniya-zapasov", "deps": 13}}, {"model": "workers.departament_block", "pk": 7, "fields": {"name": "\u041e\u0442\u0434\u0435\u043b \u0440\u0435\u0430\u043b\u0438\u0437\u0430\u0446\u0438\u0438 \u043d\u0435\u0444\u0442\u0435\u043f\u0440\u043e\u0434\u0443\u043a\u0442\u043e\u0432 \u0438 \u0440\u0430\u0437\u0432\u0438\u0442\u0438\u044f \u043f\u0440\u043e\u0435\u043a\u0442\u043e\u0432", "slug": "1_14_otdel-realizatsii-nefteproduktov-i-razvitiya-proektov", "deps": 14}}, {"model": "workers.departament_block", "pk": 8, "fields": {"name": "\u041e\u0442\u0434\u0435\u043b \u043e\u0431\u0441\u043b\u0443\u0436\u0438\u0432\u0430\u043d\u0438\u044f \u043a\u043e\u0440\u043f\u043e\u0440\u0430\u0442\u0438\u0432\u043d\u044b\u0445 \u043a\u043b\u0438\u0435\u043d\u0442\u043e\u0432", "slug": "1_14_otdel-obsluzhivaniya-korporativnikh-klientov", "deps": 14}}, {"model": "workers.departament_block", "pk": 9, "fields": {"name": "\u041e\u0442\u0434\u0435\u043b \u0432\u0437\u0430\u0438\u043c\u043e\u0434\u0435\u0439\u0441\u0442\u0432\u0438\u044f \u0441 \u0446\u0435\u043d\u0442\u0440\u0430\u043c\u0438 \u043f\u0440\u043e\u0434\u0430\u0436", "slug": "1_14_otdel-vzaimodejstviya-s-tsentrami-prodazh", "deps": 14}}, {"model": "workers.departament_block", "pk": 10, "fields": {"name": "\u041e\u0442\u0434\u0435\u043b \u043f\u0440\u043e\u0438\u0437\u0432\u043e\u0434\u0441\u0442\u0432\u0435\u043d\u043d\u043e-\u0442\u0435\u0445\u043d\u0438\u0447\u0435\u0441\u043a\u043e\u0433\u043e \u043e\u0431\u0435\u0441\u043f\u0435\u0447\u0435\u043d\u0438\u044f \u0438 \u0440\u0435\u043c\u043e\u043d\u0442\u0430", "slug": "1_15_otdel-proizvodstvenno-tekhnicheskogo-obespecheniya-i-remonta", "deps": 15}}, {"model": "workers.departament_block", "pk": 11, "fields": {"name": "\u041e\u0442\u0434\u0435\u043b \u0438\u043d\u0436\u0435\u043d\u0435\u0440\u043d\u043e-\u0442\u0435\u0445\u043d\u0438\u0447\u0435\u0441\u043a\u043e\u0439 \u0440\u0430\u0431\u043e\u0442\u044b \u0438 \u044d\u043d\u0435\u0440\u0433\u0435\u0442\u0438\u043a\u0438", "slug": "1_15_otdel-inzhenerno-tekhnicheskoj-raboti-i-energetiki", "deps": 15}}, {"model": "workers.position", "pk": 1, "fields": {"name": "\u0413\u0435\u043d\u0435\u0440\u0430\u043b\u044c\u043d\u044b\u0439 \u0434\u0438\u0440\u0435\u043a\u0442\u043e\u0440", "slug": "generalnyj-direktor"}}, {"model": "workers.position", "pk": 2, "fields": {"name": "\u041d\u0430\u0447\u0430\u043b\u044c\u043d\u0438\u043a \u043e\u0442\u0434\u0435\u043b\u0430", "slug": "nachalnik-otdela"}}, {"model": "workers.position", "pk": 3, "fields": {"name": "\u0413\u043b\u0430\u0432\u043d\u044b\u0439 \u043c\u0435\u043d\u0435\u0434\u0436\u0435\u0440", "slug": "glavnyj-menedzher"}}, {"model": "workers.position", "pk": 4, "fields": {"name": "\u0414\u0438\u0440\u0435\u043a\u0442\u043e\u0440 \u0434\u0435\u043f\u0430\u0440\u0442\u0430\u043c\u0435\u043d\u0442\u0430", "slug": "direktor-departamenta"}}, {"model": "workers.position", "pk": 5, "fields": {"name": "\u041f\u0440\u0438\u0435\u043c\u043d\u0430\u044f", "slug": "priemnaya"}}, {"model": "workers.position", "pk": 6, "fields": {"name": "\u0417\u0430\u043c\u0435\u0441\u0442\u0438\u0442\u0435\u043b\u044c \u0433\u0435\u043d\u0435\u0440\u0430\u043b\u044c\u043d\u043e\u0433\u043e \u0434\u0438\u0440\u0435\u043a\u0442\u043e\u0440\u0430 \u043f\u043e \u043e\u043f\u0435\u0440\u0430\u0446\u0438\u043e\u043d\u043d\u043e\u043c\u0443 \u0443\u043f\u0440\u0430\u0432\u043b\u0435\u043d\u0438\u044e", "slug": "zamestitel-generalnogo-direktora-po-operacionnomu-upravleniyu"}}, {"model": "workers.position", "pk": 7, "fields": {"name": "\u0417\u0430\u043c\u0435\u0441\u0442\u0438\u0442\u0435\u043b\u044c \u0433\u0435\u043d\u0435\u0440\u0430\u043b\u044c\u043d\u043e\u0433\u043e \u0434\u0438\u0440\u0435\u043a\u0442\u043e\u0440\u0430 \u043f\u043e \u0440\u0430\u0437\u0432\u0438\u0442\u0438\u044e", "slug": "zamestitel-generalnogo-direktora-po-razvitiyu"}}, {"model": "workers.position", "pk": 8, "fields": {"name": "\u0417\u0430\u043c\u0435\u0441\u0442\u0438\u0442\u0435\u043b\u044c \u0433\u0435\u043d\u0435\u0440\u0430\u043b\u044c\u043d\u043e\u0433\u043e \u0434\u0438\u0440\u0435\u043a\u0442\u043e\u0440\u0430 \u043f\u043e \u0444\u0438\u043d\u0430\u043d\u0441\u0430\u043c", "slug": "zamestitel-generalnogo-direktora-po-finansam"}}, {"model": "workers.position", "pk": 9, "fields": {"name": "\u0421\u043e\u0432\u0435\u0442\u043d\u0438\u043a", "slug": "sovetnik"}}, {"model": "workers.position", "pk": 10, "fields": {"name": "\u0413\u043b\u0430\u0432\u043d\u044b\u0439 \u0431\u0443\u0445\u0433\u0430\u043b\u0442\u0435\u0440", "slug": "glavnyj-buhgalter"}}, {"model": "workers.position", "pk": 11, "fields": {"name": "\u0417\u0430\u043c\u0435\u0441\u0442\u0438\u0442\u0435\u043b\u044c \u0433\u043b\u0430\u0432\u043d\u043e\u0433\u043e \u0431\u0443\u0445\u0433\u0430\u043b\u0442\u0435\u0440\u0430", "slug": "zamestitel-glavnogo-buhgaltera"}}, {"model": "workers.position", "pk": 12, "fields": {"name": "\u0413\u043b\u0430\u0432\u043d\u044b\u0439 \u043c\u0435\u043d\u0435\u0434\u0436\u0435\u0440 - \u0431\u0443\u0445\u0433\u0430\u043b\u0442\u0435\u0440", "slug": "glavnyj-menedzher-buhgalter"}}, {"model": "workers.position", "pk": 13, "fields": {"name": "\u0411\u0443\u0445\u0433\u0430\u043b\u0442\u0435\u0440", "slug": "buhgalter"}}, {"model": "workers.position", "pk": 14, "fields": {"name": "\u041c\u0435\u043d\u0435\u0434\u0436\u0435\u0440 IT", "slug": "menedzher-it"}}, {"model": "workers.position", "pk": 15, "fields": {"name": "\u041c\u0435\u043d\u0435\u0434\u0436\u0435\u0440", "slug": "menedzher"}}, {"model": "workers.position", "pk": 16, "fields": {"name": "\u0423\u043f\u0440\u0430\u0432\u043b\u044f\u044e\u0449\u0438\u0439 \u0434\u0438\u0440\u0435\u043a\u0442\u043e\u0440", "slug": "upravlyayushij-direktor"}}, {"model": "workers.position", "pk": 17, "fields": {"name": "\u0413\u043b\u0430\u0432\u043d\u044b\u0439 \u044e\u0440\u0438\u0441\u0442", "slug": "glavnyj-yurist"}}, {"model": "workers.position", "pk": 18, "fields": {"name": "\u042e\u0440\u0438\u0441\u0442", "slug": "yurist"}}, {"model": "workers.position", "pk": 19, "fields": {"name": "\u0413\u043b\u0430\u0432\u043d\u044b\u0439 \u0441\u043f\u0435\u0446\u0438\u0430\u043b\u0438\u0441\u0442", "slug": "glavnyj-specialist"}}, {"model": "workers.position", "pk": 20, "fields": {"name": "\u041c\u0435\u0442\u0440\u043e\u043b\u043e\u0433", "slug": "metrolog"}}, {"model": "workers.city", "pk": 1, "fields": {"name": "\u0410\u0441\u0442\u0430\u043d\u0430", "slug": "astana"}}, {"model": "workers.workers", "pk": 5, "fields": {"fullname": "\u0428\u043e\u0442\u0430\u043d\u043e\u0432 \u0422\u0443\u043b\u0435\u043c\u0438\u0441 \u0421\u0430\u0434\u044b\u043a\u043e\u0432\u0438\u0447", "slug": "shotanov-tulemis-sadikovich", "deps": 1, "deps_block": null, "position": 1, "room": "200", "ip_number": "1040", "city": 1, "mobile_phone": "", "phone": "974288", "status": "\u0412 \u043a\u043e\u043c\u0430\u043d\u0434\u0438\u0440\u043e\u0432\u043a\u0435", "date_out": null, "date_in": null}}, {"model": "workers.workers", "pk": 6, "fields": {"fullname": "\u0410\u043c\u0430\u043d\u0433\u0435\u043b\u044c\u0434\u0438\u043d\u043e\u0432\u0430 \u0421\u0430\u043c\u0430\u043b", "slug": "amangeldinova-samal", "deps": 1, "deps_block": null, "position": 5, "room": "200", "ip_number": "1114", "city": 1, "mobile_phone": "", "phone": "979920", "status": "\u041d\u0430 \u0440\u0430\u0431\u043e\u0442\u0435", "date_out": null, "date_in": null}}, {"model": "workers.workers", "pk": 7, "fields": {"fullname": "\u041a\u0430\u043b\u0438\u0435\u0432 \u0410\u0431\u0438\u0431\u0443\u043b\u043b\u0430 \u0420\u0430\u0445\u043c\u0430\u0442\u0442\u0443\u043b\u043b\u0430\u0435\u0432\u0438\u0447", "slug": "kaliev-abibulla-rakhmattullaevich", "deps": 1, "deps_block": null, "position": 6, "room": "205", "ip_number": "1030", "city": 1, "mobile_phone": "", "phone": "974255", "status": "\u041d\u0430 \u0440\u0430\u0431\u043e\u0442\u0435", "date_out": null, "date_in": null}}, {"model": "workers.workers", "pk": 8, "fields": {"fullname": "\u041c\u0443\u0441\u0430\u0442\u0430\u0435\u0432\u0430 \u0410\u0439\u0442\u0436\u0430\u043d \u0411\u0435\u0440\u0438\u043a\u043e\u0432\u043d\u0430", "slug": "musataeva-ajtzhan-berikovna", "deps": 1, "deps_block": null, "position": 5, "room": "203", "ip_number": "1041", "city": 1, "mobile_phone": "", "phone": "", "status": "\u041d\u0430 \u0440\u0430\u0431\u043e\u0442\u0435", "date_out": null, "date_in": null}}, {"model": "workers.workers", "pk": 9, "fields": {"fullname": "\u041c\u0443\u0441\u0430\u0435\u0432 \u0410\u0437\u0430\u043c\u0430\u0442 \u0414\u0436\u0443\u043c\u0430\u0442\u043e\u0432\u0438\u0447", "slug": "musaev-azamat-dzhumatovich", "deps": 1, "deps_block": null, "position": 7, "room": "110", "ip_number": "1050", "city": 1, "mobile_phone": "", "phone": "974292", "status": "\u041d\u0430 \u0440\u0430\u0431\u043e\u0442\u0435", "date_out": null, "date_in": null}}, {"model": "workers.workers", "pk": 10, "fields": {"fullname": "\u0422\u043e\u043a\u0435\u0435\u0432\u0430 \u0410\u0441\u0435\u043b\u044c \u0411\u0430\u0442\u044b\u0440\u0445\u0430\u043d\u043e\u0432\u043d\u0430", "slug": "tokeeva-asel-batirkhanovna", "deps": 1, "deps_block": null, "position": 8, "room": "100", "ip_number": "1020", "city": 1, "mobile_phone": "", "phone": "974252", "status": "\u041d\u0430 \u0440\u0430\u0431\u043e\u0442\u0435", "date_out": null, "date_in": null}}, {"model": "workers.workers", "pk": 11, "fields": {"fullname": "\u0421\u04d9\u0440\u0441\u0435\u043d\u0431\u0435\u043a \u0420\u043e\u043b\u043b\u0430\u043d \u041e\u0440\u0430\u0437\u04d9\u043b\u0456\u04b1\u043b\u044b", "slug": "srsenbek-rollan-orazlli", "deps": 1, "deps_block": null, "position": 9, "room": "013", "ip_number": "1013", "city": 1, "mobile_phone": "", "phone": "974447", "status": "\u041d\u0430 \u0440\u0430\u0431\u043e\u0442\u0435", "date_out": null, "date_in": null}}, {"model": "workers.workers", "pk": 12, "fields": {"fullname": "\u0422\u043b\u0435\u043f\u043e\u0432\u0430 \u0410\u044f\u0433\u043e\u0437 \u0415\u0440\u0431\u043e\u043b\u043e\u0432\u043d\u0430", "slug": "tlepova-ayagoz-erbolovna", "deps": 1, "deps_block": null, "position": 5, "room": "013", "ip_number": "1368", "city": 1, "mobile_phone": "", "phone": "", "status": "\u041d\u0430 \u0440\u0430\u0431\u043e\u0442\u0435", "date_out": null, "date_in": null}}, {"model": "workers.workers", "pk": 13, "fields": {"fullname": "\u0410\u0442\u044b\u0445\u0430\u043d\u043e\u0432 \u0422\u0430\u043c\u0435\u0440\u043b\u0430\u043d \u041a\u0430\u043d\u0430\u0442\u043e\u0432\u0438\u0447", "slug": "atikhanov-tamerlan-kanatovich", "deps": 2, "deps_block": null, "position": 3, "room": "103", "ip_number": "1235", "city": 1, "mobile_phone": "", "phone": "7172974274", "status": "\u041d\u0430 \u0440\u0430\u0431\u043e\u0442\u0435", "date_out": null, "date_in": null}}, {"model": "workers.workers", "pk": 14, "fields": {"fullname": "\u0428\u0430\u0439\u043c\u0435\u0440\u0434\u0435\u043d\u043e\u0432\u0430 \u0416\u04d9\u043d\u0435\u043b \u0410\u0441\u049b\u0430\u0440\u049b\u044b\u0437\u044b", "slug": "shajmerdenova-zhnel-asarizi", "deps": 2, "deps_block": null, "position": 3, "room": "103", "ip_number": "1211", "city": 1, "mobile_phone": "", "phone": "7172974235", "status": "\u041d\u0430 \u0440\u0430\u0431\u043e\u0442\u0435", "date_out": null, "date_in": null}}, {"model": "workers.workers", "pk": 15, "fields": {"fullname": "\u0420\u0433\u0430\u0435\u0432\u0430 \u0417\u0430\u0440\u0438\u043d\u0430 \u041a\u0443\u0430\u043d\u044b\u0448\u043a\u0430\u043b\u0438\u0435\u0432\u043d\u0430", "slug": "rgaeva-zarina-kuanishkalievna", "deps": 3, "deps_block": null, "position": 10, "room": "106", "ip_number": "1118", "city": 1, "mobile_phone": "", "phone": "7172974257", "status": "\u041d\u0430 \u0440\u0430\u0431\u043e\u0442\u0435", "date_out": null, "date_in": null}}, {"model": "workers.workers", "pk": 16, "fields": {"fullname": "\u041d\u0435\u0433\u043c\u0430\u043d\u043e\u0432\u0430 \u0410\u0440\u0430\u0439 \u041a\u0430\u0439\u0440\u0430\u0442\u043e\u0432\u043d\u0430", "slug": "negmanova-araj-kajratovna", "deps": 3, "deps_block": null, "position": 11, "room": "101", "ip_number": "1237", "city": 1, "mobile_phone": "", "phone": "7172979918", "status": "\u041d\u0430 \u0440\u0430\u0431\u043e\u0442\u0435", "date_out": null, "date_in": null}}, {"model": "workers.workers", "pk": 17, "fields": {"fullname": "\u0422\u043e\u043a\u0442\u0430\u0440\u043e\u0432\u0430 \u041b\u0438\u043c\u0430 \u041e\u0440\u0430\u0437\u0431\u0430\u0435\u0432\u043d\u0430", "slug": "toktarova-lima-orazbaevna", "deps": 3, "deps_block": null, "position": 12, "room": "101", "ip_number": "1117", "city": 1, "mobile_phone": "", "phone": "7172974423", "status": "\u041d\u0430 \u0440\u0430\u0431\u043e\u0442\u0435", "date_out": null, "date_in": null}}, {"model": "workers.workers", "pk": 18, "fields": {"fullname": "\u041e\u043c\u0430\u0440\u043e\u0432\u0430 \u0413\u0443\u043b\u044c\u043d\u0430\u0437 \u041c\u0443\u0440\u0430\u0442\u043a\u044b\u0437\u044b", "slug": "omarova-gulnaz-muratkizi", "deps": 3, "deps_block": null, "position": 13, "room": "1299", "ip_number": "101", "city": 1, "mobile_phone": "", "phone": "7172974418", "status": "\u041d\u0430 \u0440\u0430\u0431\u043e\u0442\u0435", "date_out": null, "date_in": null}}, {"model": "workers.workers", "pk": 19, "fields": {"fullname": "\u0422\u0435\u043c\u0456\u0440\u0493\u0430\u043b\u044b \u0410\u0439\u0433\u04af\u043b \u041d\u04b1\u0440\u043c\u04b1\u0445\u0430\u043c\u0435\u0434\u049b\u044b\u0437\u044b", "slug": "temrali-ajgl-nrmkhamedizi", "deps": 3, "deps_block": null, "position": 13, "room": "101", "ip_number": "1295", "city": 1, "mobile_phone": "", "phone": "7172974421", "status": "\u041d\u0430 \u0440\u0430\u0431\u043e\u0442\u0435", "date_out": null, "date_in": null}}, {"model": "workers.workers", "pk": 20, "fields": {"fullname": "\u0421\u0435\u0440\u0438\u043a\u0431\u0430\u0435\u0432\u0430 \u041a\u0443\u0430\u043d\u044b\u0448 \u0422\u044e\u0442\u0438\u0431\u0430\u0435\u0432\u043d\u0430", "slug": "serikbaeva-kuanish-tyutibaevna", "deps": 3, "deps_block": null, "position": 13, "room": "101", "ip_number": "1032", "city": 1, "mobile_phone": "", "phone": "7172974263", "status": "\u041d\u0430 \u0440\u0430\u0431\u043e\u0442\u0435", "date_out": null, "date_in": null}}, {"model": "workers.workers", "pk": 21, "fields": {"fullname": "\u0422\u043e\u043a\u0442\u0430\u0440\u0433\u0430\u043b\u0438\u0435\u0432\u0430 \u0413\u0443\u043b\u044c\u0436\u0430\u043d\u0430\u0442 \u0421\u0430\u0442\u044b\u0431\u0430\u043b\u0434\u0438\u043d\u043e\u0432\u043d\u0430", "slug": "toktargalieva-gulzhanat-satibaldinovna", "deps": 3, "deps_block": null, "position": 13, "room": "101", "ip_number": "1301", "city": 1, "mobile_phone": "", "phone": "7172974263", "status": "\u041d\u0430 \u0440\u0430\u0431\u043e\u0442\u0435", "date_out": null, "date_in": null}}, {"model": "workers.workers", "pk": 22, "fields": {"fullname": "\u041a\u0430\u043d\u0430\u0433\u0430\u0442\u043e\u0432\u0430 \u0417\u0430\u0440\u0438\u043d\u0430 \u042d\u0434\u0438\u043b\u044c\u0435\u0432\u043d\u0430", "slug": "kanagatova-zarina-edilevna", "deps": 3, "deps_block": null, "position": 13, "room": "101", "ip_number": "1292", "city": 1, "mobile_phone": "", "phone": "7172974418", "status": "\u041d\u0430 \u0440\u0430\u0431\u043e\u0442\u0435", "date_out": null, "date_in": null}}, {"model": "workers.workers", "pk": 23, "fields": {"fullname": "\u0418\u0441\u0438\u043d\u0430 \u0410\u0441\u0435\u043c \u0410\u0441\u044b\u043b\u0445\u0430\u043d\u043e\u0432\u0430", "slug": "isina-asem-asilkhanova", "deps": 3, "deps_block": null, "position": 13, "room": "1162", "ip_number": "101", "city": 1, "mobile_phone": "", "phone": "7172974418", "status": "\u041d\u0430 \u0440\u0430\u0431\u043e\u0442\u0435", "date_out": null, "date_in": null}}, {"model": "workers.workers", "pk": 24, "fields": {"fullname": "\u041a\u0430\u043a\u0435\u0442\u0430\u0435\u0432\u0430 \u0413\u0443\u043b\u044c\u0431\u0430\u043d\u0443 \u0421\u0435\u0440\u0438\u043a\u043e\u0432\u043d\u0430", "slug": "kaketaeva-gulbanu-serikovna", "deps": 4, "deps_block": null, "position": 2, "room": "104", "ip_number": "1393", "city": 1, "mobile_phone": "", "phone": "974259", "status": "\u041d\u0430 \u0440\u0430\u0431\u043e\u0442\u0435", "date_out": null, "date_in": null}}, {"model": "workers.workers", "pk": 25, "fields": {"fullname": "\u0422\u0443\u043a\u0435\u0435\u0432\u0430 \u0416\u0430\u043d\u043d\u0430 \u0423\u043b\u0443\u0433\u0431\u0435\u043a\u043e\u0432\u043d\u0430", "slug": "tukeeva-zhanna-ulugbekovna", "deps": 4, "deps_block": null, "position": 3, "room": "104", "ip_number": "1311", "city": 1, "mobile_phone": "", "phone": "974231", "status": "\u041d\u0430 \u0440\u0430\u0431\u043e\u0442\u0435", "date_out": null, "date_in": null}}, {"model": "workers.workers", "pk": 26, "fields": {"fullname": "\u0411\u043e\u043b\u0442\u0430\u0435\u0432\u0430 \u0414\u0438\u043d\u0430\u0440\u0430 \u0410\u043b\u0442\u044b\u043d\u0431\u0435\u043a\u043e\u0432\u043d\u0430", "slug": "boltaeva-dinara-altinbekovna", "deps": 5, "deps_block": null, "position": 3, "room": "101", "ip_number": "1288", "city": 1, "mobile_phone": "", "phone": "", "status": "\u041d\u0430 \u0440\u0430\u0431\u043e\u0442\u0435", "date_out": null, "date_in": null}}, {"model": "workers.workers", "pk": 27, "fields": {"fullname": "\u0421\u0443\u043b\u0430\u0439\u043c\u0430\u043d\u043e\u0432\u0430 \u0417\u0443\u0445\u0440\u0430 \u041c\u0438\u0440\u0437\u0430\u0431\u0430\u0435\u0432\u043d\u0430", "slug": "sulajmanova-zukhra-mirzabaevna", "deps": 5, "deps_block": null, "position": 3, "room": "101", "ip_number": "1289", "city": 1, "mobile_phone": "", "phone": "", "status": "\u041d\u0430 \u0440\u0430\u0431\u043e\u0442\u0435", "date_out": null, "date_in": null}}, {"model": "workers.workers", "pk": 28, "fields": {"fullname": "\u0414\u0430\u0443\u043b\u0435\u0442\u043a\u0430\u043b\u0438\u0435\u0432 \u0410\u043a\u044b\u043b \u0415\u0441\u0431\u043e\u043b\u0443\u043b\u044b", "slug": "dauletkaliev-akil-esboluli", "deps": 6, "deps_block": null, "position": 4, "room": "102", "ip_number": "1247", "city": 1, "mobile_phone": "", "phone": "974241", "status": "\u041d\u0430 \u0440\u0430\u0431\u043e\u0442\u0435", "date_out": null, "date_in": null}}, {"model": "workers.workers", "pk": 29, "fields": {"fullname": "\u0422\u0430\u0439\u0448\u0435\u043d\u043e\u0432 \u0410\u043a\u044b\u043b\u0431\u0435\u043a \u0410\u043b\u0438\u0431\u0435\u043a\u043e\u0432\u0438\u0447", "slug": "tajshenov-akilbek-alibekovich", "deps": 6, "deps_block": null, "position": 3, "room": "102", "ip_number": "1243", "city": 1, "mobile_phone": "", "phone": "", "status": "\u041d\u0430 \u0440\u0430\u0431\u043e\u0442\u0435", "date_out": null, "date_in": null}}, {"model": "workers.workers", "pk": 30, "fields": {"fullname": "\u041c\u0443\u0445\u0430\u043c\u0435\u0434\u0430\u043b\u0438\u043d\u043e\u0432 \u0414\u0430\u0440\u0445\u0430\u043d \u0410\u0441\u043a\u0430\u0442\u043e\u0432\u0438\u0447", "slug": "mukhamedalinov-darkhan-askatovich", "deps": 6, "deps_block": null, "position": 14, "room": "102", "ip_number": "1244", "city": 1, "mobile_phone": "", "phone": "", "status": "\u041d\u0430 \u0440\u0430\u0431\u043e\u0442\u0435", "date_out": null, "date_in": null}}, {"model": "workers.workers", "pk": 31, "fields": {"fullname": "\u0422\u0430\u0441\u0430\u043d\u0431\u0430\u0435\u0432 \u0411\u0430\u0445\u044b\u0442\u0436\u0430\u043d \u0421\u0430\u043b\u0438\u043c\u0436\u0430\u043d\u043e\u0432\u0438\u0447", "slug": "tasanbaev-bakhitzhan-salimzhanovich", "deps": 7, "deps_block": null, "position": 4, "room": "112", "ip_number": "1159", "city": 1, "mobile_phone": "", "phone": "979925", "status": "\u041d\u0430 \u0440\u0430\u0431\u043e\u0442\u0435", "date_out": null, "date_in": null}}, {"model": "workers.workers", "pk": 32, "fields": {"fullname": "\u0410\u0439\u0442\u0436\u0430\u043d\u043e\u0432 \u0410\u043b\u0456\u0445\u0430\u043d \u0411\u0456\u0440\u0436\u0430\u043d\u04b1\u043b\u044b", "slug": "ajtzhanov-alkhan-brzhanli", "deps": 7, "deps_block": null, "position": 3, "room": "108", "ip_number": "1281", "city": 1, "mobile_phone": "", "phone": "", "status": "\u0412 \u0411\u043e\u043b\u044c\u043d\u0438\u0447\u043d\u043e\u043c", "date_out": "2019-05-22", "date_in": "2019-05-22"}}, {"model": "workers.workers", "pk": 33, "fields": {"fullname": "\u0413\u0430\u0444\u0430\u0440\u043e\u0432\u0430 \u0414\u0438\u043b\u044f\u043d\u0430 \u042e\u043d\u0443\u0441\u043e\u0432\u043d\u0430", "slug": "gafarova-dilyana-yunusovna", "deps": null, "deps_block": 1, "position": 2, "room": "108", "ip_number": "1284", "city": 1, "mobile_phone": "974216", "phone": "", "status": "\u041d\u0430 \u0440\u0430\u0431\u043e\u0442\u0435", "date_out": null, "date_in": null}}, {"model": "workers.workers", "pk": 34, "fields": {"fullname": "\u0413\u0430\u043b\u0438\u0435\u0432 \u0422\u0435\u043c\u0438\u0440\u043b\u0430\u043d \u041a\u0430\u0439\u0440\u0430\u0442\u043e\u0432\u0438\u0447", "slug": "galiev-temirlan-kajratovich", "deps": null, "deps_block": 1, "position": 3, "room": "108", "ip_number": "", "city": 1, "mobile_phone": "", "phone": "", "status": "\u041d\u0430 \u0440\u0430\u0431\u043e\u0442\u0435", "date_out": null, "date_in": null}}, {"model": "workers.workers", "pk": 35, "fields": {"fullname": "\u0416\u0430\u043d\u0430\u043b\u0438\u0435\u0432 \u0414\u043e\u0441\u0431\u043e\u043b \u0421\u0435\u0440\u0438\u043a\u043e\u0432\u0438\u0447", "slug": "zhanaliev-dosbol-serikovich", "deps": null, "deps_block": 2, "position": 2, "room": "108", "ip_number": "1169", "city": 1, "mobile_phone": "", "phone": "", "status": "\u041d\u0430 \u0440\u0430\u0431\u043e\u0442\u0435", "date_out": null, "date_in": null}}, {"model": "workers.workers", "pk": 36, "fields": {"fullname": "\u0412\u0430\u043b\u0438\u0442\u043e\u0432\u0430 \u0414\u0430\u043d\u0438\u044f \u0428\u0430\u0439\u0434\u0443\u043b\u043b\u0430\u0435\u0432\u043d\u0430", "slug": "valitova-daniya-shajdullaevna", "deps": null, "deps_block": 2, "position": 3, "room": "107", "ip_number": "1221", "city": 1, "mobile_phone": "", "phone": "", "status": "\u041d\u0430 \u0440\u0430\u0431\u043e\u0442\u0435", "date_out": null, "date_in": null}}, {"model": "workers.workers", "pk": 37, "fields": {"fullname": "\u0411\u0430\u0439\u043d\u0430\u0437\u0430\u0440\u043e\u0432\u0430 \u0410\u0439\u0433\u0435\u0440\u0438\u043c \u041a\u0430\u0439\u0440\u0430\u0442\u043e\u0432\u043d\u0430", "slug": "bajnazarova-ajgerim-kajratovna", "deps": null, "deps_block": 3, "position": 3, "room": "107", "ip_number": "1347", "city": 1, "mobile_phone": "", "phone": "", "status": "\u041d\u0430 \u0440\u0430\u0431\u043e\u0442\u0435", "date_out": null, "date_in": null}}, {"model": "workers.workers", "pk": 38, "fields": {"fullname": "\u0423\u0442\u0435\u0431\u0430\u0435\u0432 \u0413\u0430\u043b\u044b\u043c\u0436\u0430\u043d \u041c\u0443\u0445\u0430\u043c\u0431\u0435\u0442\u043e\u0432\u0438\u0447", "slug": "utebaev-galimzhan-mukhambetovich", "deps": 9, "deps_block": null, "position": 4, "room": "011", "ip_number": "1022", "city": 1, "mobile_phone": "", "phone": "", "status": "\u041d\u0430 \u0440\u0430\u0431\u043e\u0442\u0435", "date_out": null, "date_in": null}}, {"model": "workers.workers", "pk": 39, "fields": {"fullname": "\u0421\u0435\u043c\u0431\u0430\u0435\u0432 \u0411\u0430\u0443\u044b\u0440\u0436\u0430\u043d \u0425\u0430\u0431\u0438\u0431\u0443\u043b\u043b\u0438\u043d\u043e\u0432\u0438\u0447", "slug": "sembaev-bauirzhan-khabibullinovich", "deps": 9, "deps_block": null, "position": 3, "room": "010", "ip_number": "1151", "city": 1, "mobile_phone": "", "phone": "", "status": "\u041d\u0430 \u0440\u0430\u0431\u043e\u0442\u0435", "date_out": null, "date_in": null}}, {"model": "workers.workers", "pk": 40, "fields": {"fullname": "\u0425\u0430\u0439\u0438\u0442\u043e\u0432 \u041d\u0438\u044f\u0437 \u0425\u0430\u043c\u0437\u0430\u0435\u0432\u0438\u0447", "slug": "khajitov-niyaz-khamzaevich", "deps": 9, "deps_block": null, "position": 15, "room": "010", "ip_number": "1263", "city": 1, "mobile_phone": "", "phone": "", "status": "\u041d\u0430 \u0440\u0430\u0431\u043e\u0442\u0435", "date_out": null, "date_in": null}}, {"model": "workers.workers", "pk": 41, "fields": {"fullname": "\u041e\u0441\u043a\u0435\u043d\u043e\u0432 \u0410\u0439\u0434\u044b\u043d \u041c\u0430\u0442\u0435\u043d\u043e\u0432\u0438\u0447", "slug": "oskenov-ajdin-matenovich", "deps": 9, "deps_block": null, "position": 15, "room": "010", "ip_number": "1381", "city": 1, "mobile_phone": "", "phone": "", "status": "\u041d\u0430 \u0440\u0430\u0431\u043e\u0442\u0435", "date_out": null, "date_in": null}}, {"model": "workers.workers", "pk": 42, "fields": {"fullname": "\u0411\u0435\u043a\u043d\u0430\u0437\u0430\u0440\u043e\u0432 \u0410\u043d\u0432\u0430\u0440 \u041c\u0443\u0440\u0430\u0442\u043e\u0432\u0438\u0447", "slug": "beknazarov-anvar-muratovich", "deps": 8, "deps_block": null, "position": 16, "room": "105", "ip_number": "1274", "city": 1, "mobile_phone": "", "phone": "", "status": "\u041d\u0430 \u0440\u0430\u0431\u043e\u0442\u0435", "date_out": null, "date_in": null}}, {"model": "workers.workers", "pk": 43, "fields": {"fullname": "\u0421\u0443\u043b\u0442\u0430\u043d\u0431\u0435\u043a\u043e\u0432\u0430 \u041d\u0430\u0437\u0438\u0440\u0430 \u0414\u0443\u043c\u0430\u043d\u043e\u0432\u043d\u0430", "slug": "sultanbekova-nazira-dumanovna", "deps": 8, "deps_block": null, "position": 3, "room": "103", "ip_number": "1129", "city": 1, "mobile_phone": "", "phone": "", "status": "\u041d\u0430 \u0440\u0430\u0431\u043e\u0442\u0435", "date_out": null, "date_in": null}}, {"model": "workers.workers", "pk": 44, "fields": {"fullname": "\u0411\u0430\u049b\u044b\u0442\u049b\u044b\u0437\u044b \u0413\u0430\u043a\u043a\u0443", "slug": "baitizi-gakku", "deps": 8, "deps_block": null, "position": 3, "room": "010", "ip_number": "1131", "city": 1, "mobile_phone": "", "phone": "", "status": "\u041d\u0430 \u0440\u0430\u0431\u043e\u0442\u0435", "date_out": null, "date_in": null}}, {"model": "workers.workers", "pk": 45, "fields": {"fullname": "\u0418\u0441\u0430\u0431\u0435\u043a\u043e\u0432\u0430 \u041b\u0430\u0443\u0440\u0430 \u0417\u0430\u0439\u0441\u0430\u043d\u0431\u0430\u0435\u0432\u043d\u0430", "slug": "isabekova-laura-zajsanbaevna", "deps": 10, "deps_block": null, "position": 4, "room": "208", "ip_number": "1174", "city": 1, "mobile_phone": "", "phone": "", "status": "\u041d\u0430 \u0440\u0430\u0431\u043e\u0442\u0435", "date_out": null, "date_in": null}}, {"model": "workers.workers", "pk": 46, "fields": {"fullname": "\u0414\u0443\u0439\u0441\u0435\u043d\u0431\u0438\u043d\u043e\u0432 \u0415\u0440\u0435\u043d \u0415\u043b\u0435\u0443\u0441\u0438\u0437\u043e\u0432\u0438\u0447", "slug": "dujsenbinov-eren-eleusizovich", "deps": 10, "deps_block": null, "position": 17, "room": "", "ip_number": "", "city": 1, "mobile_phone": "", "phone": "", "status": "\u041d\u0430 \u0440\u0430\u0431\u043e\u0442\u0435", "date_out": null, "date_in": null}}, {"model": "workers.workers", "pk": 47, "fields": {"fullname": "\u0415\u0440\u0436\u0430\u043d\u043e\u0432 \u0410\u043d\u0443\u0430\u0440\u0431\u0435\u043a \u0428\u043e\u0440\u0442\u0430\u043d\u0431\u0430\u0435\u0432\u0438\u0447", "slug": "erzhanov-anuarbek-shortanbaevich", "deps": 10, "deps_block": null, "position": 18, "room": "208", "ip_number": "1348", "city": 1, "mobile_phone": "", "phone": "", "status": "\u041d\u0430 \u0440\u0430\u0431\u043e\u0442\u0435", "date_out": null, "date_in": null}}, {"model": "workers.workers", "pk": 48, "fields": {"fullname": "\u0411\u0430\u043b\u0442\u0430\u0431\u0430\u0435\u0432 \u041c\u0430\u0440\u0430\u0442 \u041a\u0435\u043d\u0436\u0435\u0433\u0430\u043b\u0438\u0435\u0432\u0438\u0447", "slug": "baltabaev-marat-kenzhegalievich", "deps": 11, "deps_block": null, "position": 4, "room": "113", "ip_number": "1350", "city": 1, "mobile_phone": "", "phone": "", "status": "\u041d\u0430 \u0440\u0430\u0431\u043e\u0442\u0435", "date_out": null, "date_in": null}}, {"model": "workers.workers", "pk": 49, "fields": {"fullname": "\u0410\u043b\u0438\u0435\u0432 \u0414\u0430\u0443\u0440\u0435\u043d \u0422\u043e\u043b\u0435\u0433\u0435\u043d\u043e\u0432\u0438\u0447", "slug": "aliev-dauren-tolegenovich", "deps": 11, "deps_block": null, "position": 3, "room": "113", "ip_number": "1358", "city": 1, "mobile_phone": "", "phone": "", "status": "\u041d\u0430 \u0440\u0430\u0431\u043e\u0442\u0435", "date_out": null, "date_in": null}}, {"model": "workers.workers", "pk": 50, "fields": {"fullname": "\u041c\u0430\u0433\u0430\u0439 \u0422\u0430\u0442\u044c\u044f\u043d\u0430 \u0412\u0430\u043b\u0435\u043d\u0442\u0438\u043d\u043e\u0432\u043d\u0430", "slug": "magaj-tatyana-valentinovna", "deps": 11, "deps_block": null, "position": 15, "room": "113", "ip_number": "1208", "city": 1, "mobile_phone": "", "phone": "", "status": "\u041d\u0430 \u0440\u0430\u0431\u043e\u0442\u0435", "date_out": null, "date_in": null}}, {"model": "workers.workers", "pk": 51, "fields": {"fullname": "\u041e\u0440\u044b\u043d\u0431\u0430\u0441\u0430\u0440 \u0410\u0431\u0430\u0439 \u0410\u043c\u0430\u043d\u0433\u0435\u043b\u0434\u0456\u04b1\u043b\u044b", "slug": "orinbasar-abaj-amangeldli", "deps": 11, "deps_block": null, "position": 15, "room": "113", "ip_number": "1213", "city": 1, "mobile_phone": "", "phone": "", "status": "\u041d\u0430 \u0440\u0430\u0431\u043e\u0442\u0435", "date_out": null, "date_in": null}}, {"model": "workers.workers", "pk": 52, "fields": {"fullname": "\u041d\u0443\u0440\u0442\u0430\u0435\u0432 \u0415\u0440\u0436\u0430\u043d \u0410\u0434\u0438\u043b\u0445\u0430\u043d\u043e\u0432\u0438\u0447", "slug": "nurtaev-erzhan-adilkhanovich", "deps": 13, "deps_block": null, "position": 4, "room": "108", "ip_number": "1218", "city": 1, "mobile_phone": "", "phone": "", "status": "\u041d\u0430 \u0440\u0430\u0431\u043e\u0442\u0435", "date_out": null, "date_in": null}}, {"model": "workers.workers", "pk": 53, "fields": {"fullname": "\u0410\u0441\u044b\u043b\u0431\u0435\u043a\u043e\u0432 \u0410\u0445\u043c\u0435\u0442 \u0422\u0435\u043c\u0435\u0440\u0431\u0430\u0435\u0432\u0438\u0447", "slug": "asilbekov-akhmet-temerbaevich", "deps": 12, "deps_block": null, "position": 3, "room": "107", "ip_number": "1273", "city": 1, "mobile_phone": "979922", "phone": "", "status": "\u041d\u0430 \u0440\u0430\u0431\u043e\u0442\u0435", "date_out": null, "date_in": null}}, {"model": "workers.workers", "pk": 54, "fields": {"fullname": "\u0414\u0430\u0443\u043b\u0435\u0442\u0438\u044f\u0440\u043e\u0432 \u041c\u0430\u0433\u0437\u0430\u0442 \u0422\u0438\u043b\u0435\u043a\u043a\u0430\u0431\u044b\u043b\u043e\u0432\u0438\u0447", "slug": "dauletiyarov-magzat-tilekkabilovich", "deps": null, "deps_block": 4, "position": 2, "room": "204", "ip_number": "1173", "city": 1, "mobile_phone": "", "phone": "", "status": "\u041d\u0430 \u0440\u0430\u0431\u043e\u0442\u0435", "date_out": null, "date_in": null}}, {"model": "workers.workers", "pk": 55, "fields": {"fullname": "\u0415\u0441\u043a\u0435\u043d\u0434\u0438\u0440\u043e\u0432 \u0422\u0435\u043c\u0438\u0440\u043b\u0430\u043d \u041a\u0430\u043d\u0430\u0442\u043e\u0432\u0438\u0447", "slug": "eskendirov-temirlan-kanatovich", "deps": null, "deps_block": 4, "position": 3, "room": "204", "ip_number": "1124", "city": 1, "mobile_phone": "", "phone": "", "status": "\u041d\u0430 \u0440\u0430\u0431\u043e\u0442\u0435", "date_out": null, "date_in": null}}, {"model": "workers.workers", "pk": 56, "fields": {"fullname": "\u0411\u0430\u0439\u043c\u0430\u0433\u0430\u043d\u0431\u0435\u0442\u043e\u0432\u0430 \u0410\u0439\u0433\u0443\u043b\u044c \u041a\u0430\u043d\u0430\u0442\u043e\u0432\u043d\u0430", "slug": "bajmaganbetova-ajgul-kanatovna", "deps": null, "deps_block": 5, "position": 2, "room": "204", "ip_number": "1161", "city": 1, "mobile_phone": "", "phone": "", "status": "\u041d\u0430 \u0440\u0430\u0431\u043e\u0442\u0435", "date_out": null, "date_in": null}}, {"model": "workers.workers", "pk": 57, "fields": {"fullname": "\u041a\u0430\u0431\u0434\u0440\u0430\u0445\u043c\u0430\u043d\u043e\u0432 \u041e\u043b\u0436\u0430\u0441 \u041a\u0430\u043d\u0430\u0442\u0431\u0435\u043a\u043e\u0432\u0438\u0447", "slug": "kabdrakhmanov-olzhas-kanatbekovich", "deps": null, "deps_block": 5, "position": 3, "room": "204", "ip_number": "1189", "city": 1, "mobile_phone": "", "phone": "", "status": "\u041d\u0430 \u0440\u0430\u0431\u043e\u0442\u0435", "date_out": null, "date_in": null}}, {"model": "workers.workers", "pk": 58, "fields": {"fullname": "\u0411\u0443\u0441\u0443\u0440\u043c\u0430\u043d\u043e\u0432\u0430 \u0410\u043b\u0438\u044f \u0411\u0438\u0436\u0443\u043c\u0430\u043d\u043e\u0432\u043d\u0430", "slug": "busurmanova-aliya-bizhumanovna", "deps": null, "deps_block": 6, "position": 2, "room": "204", "ip_number": "1153", "city": 1, "mobile_phone": "", "phone": "", "status": "\u041d\u0430 \u0440\u0430\u0431\u043e\u0442\u0435", "date_out": null, "date_in": null}}, {"model": "workers.workers", "pk": 59, "fields": {"fullname": "\u0414\u0436\u0430\u0439\u043b\u044b\u0431\u0430\u0435\u0432 \u0410\u043b\u043c\u0430\u0442 \u0410\u0445\u043c\u0435\u0442\u043e\u0432\u0438\u0447", "slug": "dzhajlibaev-almat-akhmetovich", "deps": 14, "deps_block": null, "position": 4, "room": "206", "ip_number": "1217", "city": 1, "mobile_phone": "", "phone": "", "status": "\u041d\u0430 \u0440\u0430\u0431\u043e\u0442\u0435", "date_out": null, "date_in": null}}, {"model": "workers.workers", "pk": 60, "fields": {"fullname": "\u0414\u0443\u043d\u0438\u0441\u043e\u0432 \u041d\u0438\u043a\u043e\u043b\u0430\u0439 \u0418\u0433\u043e\u0440\u0435\u0432\u0438\u0447", "slug": "dunisov-nikolaj-igorevich", "deps": null, "deps_block": 7, "position": 3, "room": "203", "ip_number": "1142", "city": 1, "mobile_phone": "", "phone": "", "status": "\u041d\u0430 \u0440\u0430\u0431\u043e\u0442\u0435", "date_out": null, "date_in": null}}, {"model": "workers.workers", "pk": 61, "fields": {"fullname": "\u0416\u0430\u0433\u0430\u043b\u0431\u0430\u0435\u0432\u0430 \u041c\u0435\u0440\u0443\u0435\u0440\u0442 \u041a\u043e\u0437\u044b\u043a\u043e\u0440\u043f\u0435\u0448\u043e\u0432\u043d\u0430", "slug": "zhagalbaeva-meruert-kozikorpeshovna", "deps": null, "deps_block": 8, "position": 2, "room": "203", "ip_number": "1220", "city": 1, "mobile_phone": "", "phone": "", "status": "\u041d\u0430 \u0440\u0430\u0431\u043e\u0442\u0435", "date_out": null, "date_in": null}}, {"model": "workers.workers", "pk": 62, "fields": {"fullname": "\u041a\u0443\u043b\u044c\u0436\u0438\u043a\u0435\u043d\u043e\u0432\u0430 \u0410\u043d\u0435\u0437\u0430 \u0423\u0440\u0430\u043b\u043e\u0432\u043d\u0430", "slug": "kulzhikenova-aneza-uralovna", "deps": null, "deps_block": 8, "position": 3, "room": "203", "ip_number": "1115", "city": 1, "mobile_phone": "", "phone": "", "status": "\u041d\u0430 \u0440\u0430\u0431\u043e\u0442\u0435", "date_out": null, "date_in": null}}, {"model": "workers.workers", "pk": 63, "fields": {"fullname": "\u041e\u0440\u044b\u043d\u0493\u0430\u043b\u0438 \u0413\u0430\u0443\u0445\u0430\u0440 \u0411\u0430\u0445\u044b\u0442\u049b\u044b\u0437\u044b", "slug": "orinali-gaukhar-bakhitizi", "deps": null, "deps_block": 9, "position": 2, "room": "203", "ip_number": "1190", "city": 1, "mobile_phone": "", "phone": "", "status": "\u041d\u0430 \u0440\u0430\u0431\u043e\u0442\u0435", "date_out": null, "date_in": null}}, {"model": "workers.workers", "pk": 64, "fields": {"fullname": "\u0411\u0443\u0448\u0430\u043d\u043e\u0432\u0430 \u0410\u0439\u0433\u0435\u0440\u0438\u043c \u041d\u0443\u0440\u043b\u0430\u043d\u043e\u0432\u043d\u0430", "slug": "bushanova-ajgerim-nurlanovna", "deps": null, "deps_block": 9, "position": 3, "room": "203", "ip_number": "1472", "city": 1, "mobile_phone": "", "phone": "", "status": "\u041d\u0430 \u0440\u0430\u0431\u043e\u0442\u0435", "date_out": null, "date_in": null}}, {"model": "workers.workers", "pk": 65, "fields": {"fullname": "\u0410\u043b\u043f\u044b\u0441\u0431\u0430\u0435\u0432\u0430 \u0410\u0439\u0433\u0435\u0440\u0438\u043c \u0415\u0440\u0436\u0430\u043d\u043e\u0432\u043d\u0430", "slug": "alpisbaeva-ajgerim-erzhanovna", "deps": null, "deps_block": 9, "position": 3, "room": "203", "ip_number": "1241", "city": 1, "mobile_phone": "", "phone": "", "status": "\u041d\u0430 \u0440\u0430\u0431\u043e\u0442\u0435", "date_out": null, "date_in": null}}, {"model": "workers.workers", "pk": 66, "fields": {"fullname": "\u0410\u0442\u0430\u0445\u0430\u043d\u043e\u0432\u0430 \u0413\u0443\u043b\u044c\u043d\u0443\u0440 \u041d\u0443\u0440\u043c\u0430\u0445\u0430\u043d\u0431\u0435\u0442\u043e\u0432\u043d\u0430", "slug": "atakhanova-gulnur-nurmakhanbetovna", "deps": null, "deps_block": 9, "position": 19, "room": "203", "ip_number": "1225", "city": 1, "mobile_phone": "", "phone": "", "status": "\u041d\u0430 \u0440\u0430\u0431\u043e\u0442\u0435", "date_out": null, "date_in": null}}, {"model": "workers.workers", "pk": 67, "fields": {"fullname": "\u0422\u043b\u0435\u043f\u043e\u0432\u0430 \u0410\u044f\u0433\u043e\u0437 \u0415\u0440\u0431\u043e\u043b\u043e\u0432\u043d\u0430", "slug": "tlepova-ayagoz-erbolovna", "deps": null, "deps_block": 9, "position": 19, "room": "013", "ip_number": "1357", "city": 1, "mobile_phone": "", "phone": "", "status": "\u041d\u0430 \u0440\u0430\u0431\u043e\u0442\u0435", "date_out": null, "date_in": null}}, {"model": "workers.workers", "pk": 68, "fields": {"fullname": "\u041c\u0443\u0441\u0430\u0442\u0430\u0435\u0432\u0430 \u0410\u0439\u0442\u0436\u0430\u043d \u0411\u0435\u0440\u0438\u043a\u043e\u0432\u043d\u0430", "slug": "musataeva-ajtzhan-berikovna", "deps": null, "deps_block": 9, "position": 19, "room": "205", "ip_number": "1034", "city": 1, "mobile_phone": "", "phone": "", "status": "\u041d\u0430 \u0440\u0430\u0431\u043e\u0442\u0435", "date_out": null, "date_in": null}}, {"model": "workers.workers", "pk": 69, "fields": {"fullname": "\u0413\u0440\u0443\u0431\u0435\u0440 \u0412\u043b\u0430\u0434\u0438\u0441\u043b\u0430\u0432 \u042f\u043a\u043e\u0432\u043b\u0435\u0432\u0438\u0447", "slug": "gruber-vladislav-yakovlevich", "deps": 15, "deps_block": null, "position": 4, "room": "012", "ip_number": "1359", "city": 1, "mobile_phone": "", "phone": "", "status": "\u041d\u0430 \u0440\u0430\u0431\u043e\u0442\u0435", "date_out": null, "date_in": null}}, {"model": "workers.workers", "pk": 70, "fields": {"fullname": "\u0425\u0430\u043b\u0438\u0445\u043e\u0432 \u041c\u0438\u0440\u0430\u0442 \u0414\u0430\u0443\u043b\u0435\u0442\u043a\u0435\u0440\u0435\u0435\u0432\u0438\u0447", "slug": "khalikhov-mirat-dauletkereevich", "deps": null, "deps_block": 10, "position": 2, "room": "014", "ip_number": "1216", "city": 1, "mobile_phone": "", "phone": "", "status": "\u041d\u0430 \u0440\u0430\u0431\u043e\u0442\u0435", "date_out": null, "date_in": null}}, {"model": "workers.workers", "pk": 71, "fields": {"fullname": "\u041a\u0443\u043a\u0435\u0435\u0432 \u0421\u0435\u0440\u043a\u0435\u043d \u0421\u0435\u0440\u0438\u043a\u043e\u0432\u0438\u0447", "slug": "kukeev-serken-serikovich", "deps": null, "deps_block": 11, "position": 2, "room": "014", "ip_number": "1256", "city": 1, "mobile_phone": "", "phone": "", "status": "\u041d\u0430 \u0440\u0430\u0431\u043e\u0442\u0435", "date_out": null, "date_in": null}}, {"model": "workers.workers", "pk": 72, "fields": {"fullname": "\u041c\u0430\u043a\u0438\u0448\u0435\u0432 \u041a\u0443\u043b\u044c-\u0422\u0435\u0433\u0438\u043d \u0422\u0443\u0440\u0441\u0443\u043d\u043e\u0432\u0438\u0447", "slug": "makishev-kul-tegin-tursunovich", "deps": null, "deps_block": null, "position": 3, "room": "014", "ip_number": "1209", "city": 1, "mobile_phone": "", "phone": "", "status": "\u041d\u0430 \u0440\u0430\u0431\u043e\u0442\u0435", "date_out": null, "date_in": null}}, {"model": "workers.workers", "pk": 73, "fields": {"fullname": "\u0421\u0443\u0445\u0430\u043d\u0431\u0435\u0440\u043b\u0438\u0435\u0432 \u0410\u0445\u043c\u0435\u0442\u0431\u0435\u043a \u0418\u043c\u0430\u0434\u0438\u043d\u043e\u0432\u0438\u0447", "slug": "sukhanberliev-akhmetbek-imadinovich", "deps": 16, "deps_block": null, "position": 2, "room": "204", "ip_number": "2650", "city": 1, "mobile_phone": "", "phone": "", "status": "\u0412 \u043e\u0442\u043f\u0443\u0441\u043a\u0435", "date_out": null, "date_in": null}}, {"model": "workers.workers", "pk": 74, "fields": {"fullname": "\u0422\u0443\u0442\u0435\u0435\u0432\u0430 \u041c\u0430\u0434\u0438\u043d\u0430 \u0421\u0430\u0431\u0438\u0442\u043e\u0432\u043d\u0430", "slug": "tuteeva-madina-sabitovna", "deps": 16, "deps_block": null, "position": 3, "room": "204", "ip_number": "1374", "city": 1, "mobile_phone": "", "phone": "", "status": "\u0412 \u043e\u0442\u043f\u0443\u0441\u043a\u0435", "date_out": null, "date_in": null}}, {"model": "workers.workers", "pk": 75, "fields": {"fullname": "\u041c\u0443\u043a\u0430\u0448\u0435\u0432\u0430 \u0414\u0438\u043d\u0430\u0440\u0430 \u0422\u0430\u043b\u0433\u0430\u0442\u043e\u0432\u043d\u0430", "slug": "mukasheva-dinara-talgatovna", "deps": null, "deps_block": null, "position": 20, "room": "204", "ip_number": "1134", "city": 1, "mobile_phone": "974290", "phone": "", "status": "\u041d\u0430 \u0440\u0430\u0431\u043e\u0442\u0435", "date_out": null, "date_in": null}}, {"model": "workers.workers", "pk": 76, "fields": {"fullname": "\u041c\u0443\u043c\u0438\u043d\u043e\u0432 \u0411\u0430\u0445\u0440\u043e\u043c \u0411\u0430\u0445\u0442\u0438\u044f\u0440\u043e\u0432\u0438\u0447", "slug": "muminov-bakhrom-bakhtiyarovich", "deps": 17, "deps_block": null, "position": 2, "room": "014", "ip_number": "1338", "city": 1, "mobile_phone": "", "phone": "", "status": "\u0412 \u043e\u0442\u043f\u0443\u0441\u043a\u0435", "date_out": null, "date_in": null}}, {"model": "workers.workers", "pk": 77, "fields": {"fullname": "\u041c\u0430\u043c\u044b\u0440\u0431\u0430\u0435\u0432 \u0492\u0430\u043b\u044b\u043c \u049a\u0430\u0431\u0434\u044b\u0440\u0430\u049b\u044b\u043c\u04b1\u043b\u044b", "slug": "mamirbaev-alim-abdiraimli", "deps": 18, "deps_block": null, "position": 3, "room": "010", "ip_number": "1377", "city": 1, "mobile_phone": "", "phone": "", "status": "\u0412 \u043e\u0442\u043f\u0443\u0441\u043a\u0435", "date_out": "2019-05-21", "date_in": "2019-05-31"}}, {"model": "auth.permission", "pk": 1, "fields": {"name": "Can add log entry", "content_type": 1, "codename": "add_logentry"}}, {"model": "auth.permission", "pk": 2, "fields": {"name": "Can change log entry", "content_type": 1, "codename": "change_logentry"}}, {"model": "auth.permission", "pk": 3, "fields": {"name": "Can delete log entry", "content_type": 1, "codename": "delete_logentry"}}, {"model": "auth.permission", "pk": 4, "fields": {"name": "Can view log entry", "content_type": 1, "codename": "view_logentry"}}, {"model": "auth.permission", "pk": 5, "fields": {"name": "Can add permission", "content_type": 2, "codename": "add_permission"}}, {"model": "auth.permission", "pk": 6, "fields": {"name": "Can change permission", "content_type": 2, "codename": "change_permission"}}, {"model": "auth.permission", "pk": 7, "fields": {"name": "Can delete permission", "content_type": 2, "codename": "delete_permission"}}, {"model": "auth.permission", "pk": 8, "fields": {"name": "Can view permission", "content_type": 2, "codename": "view_permission"}}, {"model": "auth.permission", "pk": 9, "fields": {"name": "Can add group", "content_type": 3, "codename": "add_group"}}, {"model": "auth.permission", "pk": 10, "fields": {"name": "Can change group", "content_type": 3, "codename": "change_group"}}, {"model": "auth.permission", "pk": 11, "fields": {"name": "Can delete group", "content_type": 3, "codename": "delete_group"}}, {"model": "auth.permission", "pk": 12, "fields": {"name": "Can view group", "content_type": 3, "codename": "view_group"}}, {"model": "auth.permission", "pk": 13, "fields": {"name": "Can add user", "content_type": 4, "codename": "add_user"}}, {"model": "auth.permission", "pk": 14, "fields": {"name": "Can change user", "content_type": 4, "codename": "change_user"}}, {"model": "auth.permission", "pk": 15, "fields": {"name": "Can delete user", "content_type": 4, "codename": "delete_user"}}, {"model": "auth.permission", "pk": 16, "fields": {"name": "Can view user", "content_type": 4, "codename": "view_user"}}, {"model": "auth.permission", "pk": 17, "fields": {"name": "Can add content type", "content_type": 5, "codename": "add_contenttype"}}, {"model": "auth.permission", "pk": 18, "fields": {"name": "Can change content type", "content_type": 5, "codename": "change_contenttype"}}, {"model": "auth.permission", "pk": 19, "fields": {"name": "Can delete content type", "content_type": 5, "codename": "delete_contenttype"}}, {"model": "auth.permission", "pk": 20, "fields": {"name": "Can view content type", "content_type": 5, "codename": "view_contenttype"}}, {"model": "auth.permission", "pk": 21, "fields": {"name": "Can add session", "content_type": 6, "codename": "add_session"}}, {"model": "auth.permission", "pk": 22, "fields": {"name": "Can change session", "content_type": 6, "codename": "change_session"}}, {"model": "auth.permission", "pk": 23, "fields": {"name": "Can delete session", "content_type": 6, "codename": "delete_session"}}, {"model": "auth.permission", "pk": 24, "fields": {"name": "Can view session", "content_type": 6, "codename": "view_session"}}, {"model": "auth.permission", "pk": 25, "fields": {"name": "Can add \u0413\u043e\u0440\u043e\u0434", "content_type": 7, "codename": "add_city"}}, {"model": "auth.permission", "pk": 26, "fields": {"name": "Can change \u0413\u043e\u0440\u043e\u0434", "content_type": 7, "codename": "change_city"}}, {"model": "auth.permission", "pk": 27, "fields": {"name": "Can delete \u0413\u043e\u0440\u043e\u0434", "content_type": 7, "codename": "delete_city"}}, {"model": "auth.permission", "pk": 28, "fields": {"name": "Can view \u0413\u043e\u0440\u043e\u0434", "content_type": 7, "codename": "view_city"}}, {"model": "auth.permission", "pk": 29, "fields": {"name": "Can add \u041e\u0442\u0434\u0435\u043b\u044b \u043f\u043e\u0434\u0440\u0430\u0437\u0434\u0435\u043b\u0435\u043d\u0438\u0435", "content_type": 8, "codename": "add_departament_block"}}, {"model": "auth.permission", "pk": 30, "fields": {"name": "Can change \u041e\u0442\u0434\u0435\u043b\u044b \u043f\u043e\u0434\u0440\u0430\u0437\u0434\u0435\u043b\u0435\u043d\u0438\u0435", "content_type": 8, "codename": "change_departament_block"}}, {"model": "auth.permission", "pk": 31, "fields": {"name": "Can delete \u041e\u0442\u0434\u0435\u043b\u044b \u043f\u043e\u0434\u0440\u0430\u0437\u0434\u0435\u043b\u0435\u043d\u0438\u0435", "content_type": 8, "codename": "delete_departament_block"}}, {"model": "auth.permission", "pk": 32, "fields": {"name": "Can view \u041e\u0442\u0434\u0435\u043b\u044b \u043f\u043e\u0434\u0440\u0430\u0437\u0434\u0435\u043b\u0435\u043d\u0438\u0435", "content_type": 8, "codename": "view_departament_block"}}, {"model": "auth.permission", "pk": 33, "fields": {"name": "Can add \u041f\u043e\u0434\u0440\u0430\u0437\u0434\u0435\u043b\u0435\u043d\u0438\u044f", "content_type": 9, "codename": "add_departaments"}}, {"model": "auth.permission", "pk": 34, "fields": {"name": "Can change \u041f\u043e\u0434\u0440\u0430\u0437\u0434\u0435\u043b\u0435\u043d\u0438\u044f", "content_type": 9, "codename": "change_departaments"}}, {"model": "auth.permission", "pk": 35, "fields": {"name": "Can delete \u041f\u043e\u0434\u0440\u0430\u0437\u0434\u0435\u043b\u0435\u043d\u0438\u044f", "content_type": 9, "codename": "delete_departaments"}}, {"model": "auth.permission", "pk": 36, "fields": {"name": "Can view \u041f\u043e\u0434\u0440\u0430\u0437\u0434\u0435\u043b\u0435\u043d\u0438\u044f", "content_type": 9, "codename": "view_departaments"}}, {"model": "auth.permission", "pk": 37, "fields": {"name": "Can add \u0414\u043e\u043b\u0436\u043d\u043e\u0441\u0442\u044c", "content_type": 10, "codename": "add_position"}}, {"model": "auth.permission", "pk": 38, "fields": {"name": "Can change \u0414\u043e\u043b\u0436\u043d\u043e\u0441\u0442\u044c", "content_type": 10, "codename": "change_position"}}, {"model": "auth.permission", "pk": 39, "fields": {"name": "Can delete \u0414\u043e\u043b\u0436\u043d\u043e\u0441\u0442\u044c", "content_type": 10, "codename": "delete_position"}}, {"model": "auth.permission", "pk": 40, "fields": {"name": "Can view \u0414\u043e\u043b\u0436\u043d\u043e\u0441\u0442\u044c", "content_type": 10, "codename": "view_position"}}, {"model": "auth.permission", "pk": 41, "fields": {"name": "Can add \u0421\u0442\u0440\u0443\u043a\u0442\u0443\u0440\u0430", "content_type": 11, "codename": "add_units"}}, {"model": "auth.permission", "pk": 42, "fields": {"name": "Can change \u0421\u0442\u0440\u0443\u043a\u0442\u0443\u0440\u0430", "content_type": 11, "codename": "change_units"}}, {"model": "auth.permission", "pk": 43, "fields": {"name": "Can delete \u0421\u0442\u0440\u0443\u043a\u0442\u0443\u0440\u0430", "content_type": 11, "codename": "delete_units"}}, {"model": "auth.permission", "pk": 44, "fields": {"name": "Can view \u0421\u0442\u0440\u0443\u043a\u0442\u0443\u0440\u0430", "content_type": 11, "codename": "view_units"}}, {"model": "auth.permission", "pk": 45, "fields": {"name": "Can add \u0421\u043e\u0442\u0440\u0443\u0434\u043d\u0438\u043a\u0438", "content_type": 12, "codename": "add_workers"}}, {"model": "auth.permission", "pk": 46, "fields": {"name": "Can change \u0421\u043e\u0442\u0440\u0443\u0434\u043d\u0438\u043a\u0438", "content_type": 12, "codename": "change_workers"}}, {"model": "auth.permission", "pk": 47, "fields": {"name": "Can delete \u0421\u043e\u0442\u0440\u0443\u0434\u043d\u0438\u043a\u0438", "content_type": 12, "codename": "delete_workers"}}, {"model": "auth.permission", "pk": 48, "fields": {"name": "Can view \u0421\u043e\u0442\u0440\u0443\u0434\u043d\u0438\u043a\u0438", "content_type": 12, "codename": "view_workers"}}, {"model": "auth.user", "pk": 1, "fields": {"password": "pbkdf2_sha256$150000$tu51BKvS6hxw$pZWgXsuTd7QwkCFkeM5uQBPpPueu1lAjZ+eCg7DgKKA=", "last_login": "2019-05-20T09:35:13.819Z", "is_superuser": true, "username": "admin", "first_name": "", "last_name": "", "email": "admin@mai.ru", "is_staff": true, "is_active": true, "date_joined": "2019-05-13T06:54:34.546Z", "groups": [], "user_permissions": []}}, {"model": "admin.logentry", "pk": 1, "fields": {"action_time": "2019-05-13T06:58:13.149Z", "user": 1, "content_type": 11, "object_id": "1", "object_repr": "\u0426\u0435\u043d\u0442\u0440\u0430\u043b\u044c\u043d\u043e\u0433\u043e \u0430\u043f\u043f\u0430\u0440\u0430\u0442", "action_flag": 1, "change_message": "[{\"added\": {}}]"}}, {"model": "admin.logentry", "pk": 2, "fields": {"action_time": "2019-05-13T06:58:40.291Z", "user": 1, "content_type": 11, "object_id": "2", "object_repr": "\u0424\u0438\u043b\u0438\u0430\u043b \u043f\u043e \u0433.\u0410\u0441\u0442\u0430\u043d\u0430 \u0438 \u041f\u0430\u0432\u043b\u043e\u0434\u0430\u0440\u0441\u043a\u043e\u0439 \u043e\u0431\u043b\u0430\u0441\u0442\u0438", "action_flag": 1, "change_message": "[{\"added\": {}}]"}}, {"model": "admin.logentry", "pk": 3, "fields": {"action_time": "2019-05-13T09:02:11.358Z", "user": 1, "content_type": 11, "object_id": "3", "object_repr": "\u0424\u0438\u043b\u0438\u0430\u043b \u043f\u043e \u0410\u043b\u043c\u0430\u0442\u044b \u0438 \u0410\u043b\u043c\u0430\u0442\u0438\u043d\u0441\u043a\u043e\u0439 \u043e\u0431\u043b\u0430\u0441\u0442\u0438", "action_flag": 1, "change_message": "[{\"added\": {}}]"}}, {"model": "admin.logentry", "pk": 4, "fields": {"action_time": "2019-05-13T09:02:27.787Z", "user": 1, "content_type": 11, "object_id": "4", "object_repr": "\u0424\u0438\u043b\u0438\u0430\u043b \u043f\u043e \u0410\u043a\u0442\u044e\u0431\u0438\u043d\u0441\u043a\u043e\u0439 \u043e\u0431\u043b\u0430\u0441\u0442\u0438", "action_flag": 1, "change_message": "[{\"added\": {}}]"}}, {"model": "admin.logentry", "pk": 5, "fields": {"action_time": "2019-05-13T09:02:45.997Z", "user": 1, "content_type": 11, "object_id": "5", "object_repr": "\u0424\u0438\u043b\u0438\u0430\u043b  \u043f\u043e \u0417\u0430\u043f\u0430\u0434\u043d\u043e-\u041a\u0430\u0437\u0430\u0445\u0441\u0442\u0430\u043d\u0441\u043a\u043e\u0439 \u043e\u0431\u043b\u0430\u0441\u0442\u0438", "action_flag": 1, "change_message": "[{\"added\": {}}]"}}, {"model": "admin.logentry", "pk": 6, "fields": {"action_time": "2019-05-13T09:03:00.724Z", "user": 1, "content_type": 11, "object_id": "6", "object_repr": "\u0424\u0438\u043b\u0438\u0430\u043b \u043f\u043e  \u041a\u0430\u0440\u0430\u0433\u0430\u043d\u0434\u0438\u043d\u0441\u043a\u043e\u0439 \u043e\u0431\u043b\u0430\u0441\u0442\u0438", "action_flag": 1, "change_message": "[{\"added\": {}}]"}}, {"model": "admin.logentry", "pk": 7, "fields": {"action_time": "2019-05-13T09:03:14.593Z", "user": 1, "content_type": 11, "object_id": "7", "object_repr": "\u0424\u0438\u043b\u0438\u0430\u043b  \u043f\u043e \u0412\u043e\u0441\u0442\u043e\u0447\u043d\u043e-\u041a\u0430\u0437\u0430\u0445\u0441\u0442\u0430\u043d\u0441\u043a\u043e\u0439 \u043e\u0431\u043b\u0430\u0441\u0442\u0438", "action_flag": 1, "change_message": "[{\"added\": {}}]"}}, {"model": "admin.logentry", "pk": 8, "fields": {"action_time": "2019-05-13T09:03:29.886Z", "user": 1, "content_type": 11, "object_id": "8", "object_repr": "\u0424\u0438\u043b\u0438\u0430\u043b  \u043f\u043e \u0421\u0435\u0432\u0435\u0440\u043e-\u041a\u0430\u0437\u0430\u0445\u0441\u0442\u0430\u043d\u0441\u043a\u043e\u0439 \u043e\u0431\u043b\u0430\u0441\u0442\u0438", "action_flag": 1, "change_message": "[{\"added\": {}}]"}}, {"model": "admin.logentry", "pk": 9, "fields": {"action_time": "2019-05-13T09:03:48.328Z", "user": 1, "content_type": 11, "object_id": "9", "object_repr": "\u0424\u0438\u043b\u0438\u0430\u043b \u043f\u043e \u0410\u043a\u043c\u043e\u043b\u0438\u043d\u0441\u043a\u043e\u0439 \u0438 \u041a\u043e\u0441\u0442\u0430\u043d\u0430\u0439\u0441\u043a\u043e\u0439 \u043e\u0431\u043b\u0430\u0441\u0442\u044f\u043c", "action_flag": 1, "change_message": "[{\"added\": {}}]"}}, {"model": "admin.logentry", "pk": 10, "fields": {"action_time": "2019-05-13T09:04:00.689Z", "user": 1, "content_type": 11, "object_id": "10", "object_repr": "\u0424\u0438\u043b\u0438\u0430\u043b \u043f\u043e \u041c\u0430\u043d\u0433\u0438\u0441\u0442\u0430\u0443\u0441\u043a\u043e\u0439 \u043e\u0431\u043b\u0430\u0441\u0442\u0438", "action_flag": 1, "change_message": "[{\"added\": {}}]"}}, {"model": "admin.logentry", "pk": 11, "fields": {"action_time": "2019-05-13T09:04:17.762Z", "user": 1, "content_type": 11, "object_id": "11", "object_repr": "\u0424\u0438\u043b\u0438\u0430\u043b  \u043f\u043e \u0416\u0430\u043c\u0431\u044b\u043b\u0441\u043a\u043e\u0439, \u041a\u044b\u0437\u044b\u043b\u043e\u0440\u0434\u0438\u043d\u0441\u043a\u043e\u0439 \u0438 \u042e\u0436\u043d\u043e-\u041a\u0430\u0437\u0430\u0445\u0441\u0442\u0430\u043d\u0441\u043a\u043e\u0439 \u043e\u0431\u043b\u0430\u0441\u0442\u044f\u043c", "action_flag": 1, "change_message": "[{\"added\": {}}]"}}, {"model": "admin.logentry", "pk": 12, "fields": {"action_time": "2019-05-13T09:04:30.921Z", "user": 1, "content_type": 11, "object_id": "12", "object_repr": "\u0424\u0438\u043b\u0438\u0430\u043b  \u043f\u043e \u0410\u0442\u044b\u0440\u0430\u0443\u0441\u043a\u043e\u0439 \u043e\u0431\u043b\u0430\u0441\u0442\u0438", "action_flag": 1, "change_message": "[{\"added\": {}}]"}}, {"model": "admin.logentry", "pk": 13, "fields": {"action_time": "2019-05-13T09:16:51.195Z", "user": 1, "content_type": 9, "object_id": "1", "object_repr": "\u0420\u0443\u043a\u043e\u0432\u043e\u0434\u0441\u0442\u0432\u043e \u0426\u0435\u043d\u0442\u0440\u0430\u043b\u044c\u043d\u043e\u0433\u043e \u0430\u043f\u043f\u0430\u0440\u0430\u0442", "action_flag": 1, "change_message": "[{\"added\": {}}]"}}, {"model": "admin.logentry", "pk": 14, "fields": {"action_time": "2019-05-13T09:16:58.674Z", "user": 1, "content_type": 9, "object_id": "2", "object_repr": "\u0424\u0438\u043d\u0430\u043d\u0441\u043e\u0432\u044b\u0439 \u0434\u0435\u043f\u0430\u0440\u0442\u0430\u043c\u0435\u043d\u0442 \u0426\u0435\u043d\u0442\u0440\u0430\u043b\u044c\u043d\u043e\u0433\u043e \u0430\u043f\u043f\u0430\u0440\u0430\u0442", "action_flag": 1, "change_message": "[{\"added\": {}}]"}}, {"model": "admin.logentry", "pk": 15, "fields": {"action_time": "2019-05-13T09:17:10.825Z", "user": 1, "content_type": 9, "object_id": "3", "object_repr": "\u0414\u0435\u043f\u0430\u0440\u0442\u0430\u043c\u0435\u043d\u0442 \u0431\u0443\u0445\u0433\u0430\u043b\u0442\u0435\u0440\u0441\u043a\u043e\u0433\u043e \u0443\u0447\u0435\u0442\u0430 \u0438 \u043e\u0442\u0447\u0435\u0442\u043d\u043e\u0441\u0442\u0438 \u0426\u0435\u043d\u0442\u0440\u0430\u043b\u044c\u043d\u043e\u0433\u043e \u0430\u043f\u043f\u0430\u0440\u0430\u0442", "action_flag": 1, "change_message": "[{\"added\": {}}]"}}, {"model": "admin.logentry", "pk": 16, "fields": {"action_time": "2019-05-13T09:17:21.342Z", "user": 1, "content_type": 9, "object_id": "4", "object_repr": "\u041e\u0442\u0434\u0435\u043b \u041a\u0430\u0437\u043d\u0430\u0447\u0435\u0439\u0441\u0442\u0432\u0430 \u0426\u0435\u043d\u0442\u0440\u0430\u043b\u044c\u043d\u043e\u0433\u043e \u0430\u043f\u043f\u0430\u0440\u0430\u0442", "action_flag": 1, "change_message": "[{\"added\": {}}]"}}, {"model": "admin.logentry", "pk": 17, "fields": {"action_time": "2019-05-13T09:17:30.986Z", "user": 1, "content_type": 9, "object_id": "5", "object_repr": "\u041e\u0442\u0434\u0435\u043b \u043d\u0430\u043b\u043e\u0433\u043e\u0432\u043e\u0433\u043e \u0443\u0447\u0435\u0442\u0430, \u043e\u0442\u0447\u0435\u0442\u043d\u043e\u0441\u0442\u0438 \u0438 \u043a\u043e\u043d\u0442\u0440\u043e\u043b\u044f \u0426\u0435\u043d\u0442\u0440\u0430\u043b\u044c\u043d\u043e\u0433\u043e \u0430\u043f\u043f\u0430\u0440\u0430\u0442", "action_flag": 1, "change_message": "[{\"added\": {}}]"}}, {"model": "admin.logentry", "pk": 18, "fields": {"action_time": "2019-05-13T09:17:39.988Z", "user": 1, "content_type": 9, "object_id": "6", "object_repr": "\u0414\u0435\u043f\u0430\u0440\u0442\u0430\u043c\u0435\u043d\u0442 \u0438\u043d\u0444\u043e\u0440\u043c\u0430\u0446\u0438\u043e\u043d\u043d\u044b\u0445 \u0442\u0435\u0445\u043d\u043e\u043b\u043e\u0433\u0438\u0439 IT \u0426\u0435\u043d\u0442\u0440\u0430\u043b\u044c\u043d\u043e\u0433\u043e \u0430\u043f\u043f\u0430\u0440\u0430\u0442", "action_flag": 1, "change_message": "[{\"added\": {}}]"}}, {"model": "admin.logentry", "pk": 19, "fields": {"action_time": "2019-05-13T09:19:25.169Z", "user": 1, "content_type": 9, "object_id": "7", "object_repr": "\u0414\u0435\u043f\u0430\u0440\u0442\u0430\u043c\u0435\u043d\u0442 \u043c\u0430\u0440\u043a\u0435\u0442\u0438\u043d\u0433\u0430 \u0438 \u0441\u0442\u0440\u0430\u0442\u0435\u0433\u0438\u0447\u0435\u0441\u043a\u043e\u0433\u043e \u0440\u0430\u0437\u0432\u0438\u0442\u0438\u044f \u0426\u0435\u043d\u0442\u0440\u0430\u043b\u044c\u043d\u043e\u0433\u043e \u0430\u043f\u043f\u0430\u0440\u0430\u0442", "action_flag": 1, "change_message": "[{\"added\": {}}]"}}, {"model": "admin.logentry", "pk": 20, "fields": {"action_time": "2019-05-13T09:19:37.504Z", "user": 1, "content_type": 9, "object_id": "8", "object_repr": "\u0414\u0435\u043f\u0430\u0440\u0442\u0430\u043c\u0435\u043d\u0442 \u0443\u043f\u0440\u0430\u0432\u043b\u0435\u043d\u0438\u044f \u043f\u0435\u0440\u0441\u043e\u043d\u0430\u043b\u043e\u043c \u0426\u0435\u043d\u0442\u0440\u0430\u043b\u044c\u043d\u043e\u0433\u043e \u0430\u043f\u043f\u0430\u0440\u0430\u0442", "action_flag": 1, "change_message": "[{\"added\": {}}]"}}, {"model": "admin.logentry", "pk": 21, "fields": {"action_time": "2019-05-13T09:19:51.239Z", "user": 1, "content_type": 9, "object_id": "9", "object_repr": "\u0414\u0435\u043f\u0430\u0440\u0442\u0430\u043c\u0435\u043d\u0442 \u043e\u0445\u0440\u0430\u043d\u044b \u0442\u0440\u0443\u0434\u0430 \u0438 \u043e\u043a\u0440\u0443\u0436\u0430\u044e\u0449\u0435\u0439 \u0441\u0440\u0435\u0434\u044b \u0426\u0435\u043d\u0442\u0440\u0430\u043b\u044c\u043d\u043e\u0433\u043e \u0430\u043f\u043f\u0430\u0440\u0430\u0442", "action_flag": 1, "change_message": "[{\"added\": {}}]"}}, {"model": "admin.logentry", "pk": 22, "fields": {"action_time": "2019-05-13T09:20:02.143Z", "user": 1, "content_type": 9, "object_id": "10", "object_repr": "\u0414\u0435\u043f\u0430\u0440\u0442\u0430\u043c\u0435\u043d\u0442 \u043f\u0440\u0430\u0432\u043e\u0432\u043e\u0433\u043e \u043e\u0431\u0435\u0441\u043f\u0435\u0447\u0435\u043d\u0438\u044f \u0426\u0435\u043d\u0442\u0440\u0430\u043b\u044c\u043d\u043e\u0433\u043e \u0430\u043f\u043f\u0430\u0440\u0430\u0442", "action_flag": 1, "change_message": "[{\"added\": {}}]"}}, {"model": "admin.logentry", "pk": 23, "fields": {"action_time": "2019-05-13T09:20:12.457Z", "user": 1, "content_type": 9, "object_id": "11", "object_repr": "\u0414\u0435\u043f\u0430\u0440\u0442\u0430\u043c\u0435\u043d\u0442 \u043a\u043e\u043d\u0442\u0440\u043e\u043b\u044f \u0437\u0430\u043a\u0443\u043f\u043e\u043a \u0426\u0435\u043d\u0442\u0440\u0430\u043b\u044c\u043d\u043e\u0433\u043e \u0430\u043f\u043f\u0430\u0440\u0430\u0442", "action_flag": 1, "change_message": "[{\"added\": {}}]"}}, {"model": "admin.logentry", "pk": 24, "fields": {"action_time": "2019-05-13T09:20:22.788Z", "user": 1, "content_type": 9, "object_id": "12", "object_repr": "\u0410\u0434\u043c\u0438\u043d\u0438\u0441\u0442\u0440\u0430\u0442\u0438\u0432\u043d\u044b\u0439 \u0434\u0435\u043f\u0430\u0440\u0442\u0430\u043c\u0435\u043d\u0442 \u0426\u0435\u043d\u0442\u0440\u0430\u043b\u044c\u043d\u043e\u0433\u043e \u0430\u043f\u043f\u0430\u0440\u0430\u0442", "action_flag": 1, "change_message": "[{\"added\": {}}]"}}, {"model": "admin.logentry", "pk": 25, "fields": {"action_time": "2019-05-13T09:20:29.056Z", "user": 1, "content_type": 9, "object_id": "13", "object_repr": "\u0414\u0435\u043f\u0430\u0440\u0442\u0430\u043c\u0435\u043d\u0442 \u0443\u043f\u0440\u0430\u0432\u043b\u0435\u043d\u0438\u044f \u0437\u0430\u043f\u0430\u0441\u0430\u043c\u0438 \u0438 \u043b\u043e\u0433\u0438\u0441\u0442\u0438\u043a\u0438 \u0426\u0435\u043d\u0442\u0440\u0430\u043b\u044c\u043d\u043e\u0433\u043e \u0430\u043f\u043f\u0430\u0440\u0430\u0442", "action_flag": 1, "change_message": "[{\"added\": {}}]"}}, {"model": "admin.logentry", "pk": 26, "fields": {"action_time": "2019-05-13T09:20:42.082Z", "user": 1, "content_type": 9, "object_id": "14", "object_repr": "\u0414\u0435\u043f\u0430\u0440\u0442\u0430\u043c\u0435\u043d\u0442 \u0440\u0435\u0430\u043b\u0438\u0437\u0430\u0446\u0438\u0438 \u043d\u0435\u0444\u0442\u0435\u043f\u0440\u043e\u0434\u0443\u043a\u0442\u043e\u0432 \u0426\u0435\u043d\u0442\u0440\u0430\u043b\u044c\u043d\u043e\u0433\u043e \u0430\u043f\u043f\u0430\u0440\u0430\u0442", "action_flag": 1, "change_message": "[{\"added\": {}}]"}}, {"model": "admin.logentry", "pk": 27, "fields": {"action_time": "2019-05-13T09:20:52.639Z", "user": 1, "content_type": 9, "object_id": "15", "object_repr": "\u0414\u0435\u043f\u0430\u0440\u0442\u0430\u043c\u0435\u043d\u0442 \u0442\u0435\u0445\u043d\u0438\u0447\u0435\u0441\u043a\u043e\u0439 \u043f\u043e\u0434\u0434\u0435\u0440\u0436\u043a\u0438 \u0426\u0435\u043d\u0442\u0440\u0430\u043b\u044c\u043d\u043e\u0433\u043e \u0430\u043f\u043f\u0430\u0440\u0430\u0442", "action_flag": 1, "change_message": "[{\"added\": {}}]"}}, {"model": "admin.logentry", "pk": 28, "fields": {"action_time": "2019-05-13T09:21:05.052Z", "user": 1, "content_type": 9, "object_id": "16", "object_repr": "\u041e\u0442\u0434\u0435\u043b \u043a\u043e\u043d\u0442\u0440\u043e\u043b\u044f \u043a\u0430\u0447\u0435\u0441\u0442\u0432\u0430 \u043d\u0435\u0444\u0442\u0435\u043f\u0440\u043e\u0434\u0443\u043a\u0442\u043e\u0432 \u0426\u0435\u043d\u0442\u0440\u0430\u043b\u044c\u043d\u043e\u0433\u043e \u0430\u043f\u043f\u0430\u0440\u0430\u0442", "action_flag": 1, "change_message": "[{\"added\": {}}]"}}, {"model": "admin.logentry", "pk": 29, "fields": {"action_time": "2019-05-13T09:21:13.616Z", "user": 1, "content_type": 9, "object_id": "17", "object_repr": "\u041e\u0442\u0434\u0435\u043b \u0443\u043f\u0440\u0430\u0432\u043b\u0435\u043d\u0438\u044f \u0430\u043a\u0442\u0438\u0432\u0430\u043c\u0438 \u0426\u0435\u043d\u0442\u0440\u0430\u043b\u044c\u043d\u043e\u0433\u043e \u0430\u043f\u043f\u0430\u0440\u0430\u0442", "action_flag": 1, "change_message": "[{\"added\": {}}]"}}, {"model": "admin.logentry", "pk": 30, "fields": {"action_time": "2019-05-13T09:21:33.712Z", "user": 1, "content_type": 9, "object_id": "18", "object_repr": "\u0422\u0440\u0430\u043d\u0441\u043f\u043e\u0440\u0442\u043d\u044b\u0439 \u043e\u0442\u0434\u0435\u043b \u0426\u0435\u043d\u0442\u0440\u0430\u043b\u044c\u043d\u043e\u0433\u043e \u0430\u043f\u043f\u0430\u0440\u0430\u0442", "action_flag": 1, "change_message": "[{\"added\": {}}]"}}, {"model": "admin.logentry", "pk": 31, "fields": {"action_time": "2019-05-13T09:33:10.317Z", "user": 1, "content_type": 9, "object_id": "19", "object_repr": "\u0420\u0443\u043a\u043e\u0432\u043e\u0434\u0441\u0442\u0432\u043e \u0424\u0438\u043b\u0438\u0430\u043b \u043f\u043e \u0433.\u0410\u0441\u0442\u0430\u043d\u0430 \u0438 \u041f\u0430\u0432\u043b\u043e\u0434\u0430\u0440\u0441\u043a\u043e\u0439 \u043e\u0431\u043b\u0430\u0441\u0442\u0438", "action_flag": 1, "change_message": "[{\"added\": {}}]"}}, {"model": "admin.logentry", "pk": 32, "fields": {"action_time": "2019-05-13T09:41:16.177Z", "user": 1, "content_type": 10, "object_id": "1", "object_repr": "\u0413\u0435\u043d\u0435\u0440\u0430\u043b\u044c\u043d\u044b\u0439 \u0434\u0438\u0440\u0435\u043a\u0442\u043e\u0440", "action_flag": 1, "change_message": "[{\"added\": {}}]"}}, {"model": "admin.logentry", "pk": 33, "fields": {"action_time": "2019-05-13T09:41:38.051Z", "user": 1, "content_type": 7, "object_id": "1", "object_repr": "\u0410\u0441\u0442\u0430\u043d\u0430", "action_flag": 1, "change_message": "[{\"added\": {}}]"}}, {"model": "admin.logentry", "pk": 34, "fields": {"action_time": "2019-05-13T09:41:52.176Z", "user": 1, "content_type": 12, "object_id": "1", "object_repr": "\u0428\u043e\u0442\u0430\u043d\u043e\u0432 \u0422\u0443\u043b\u0435\u043c\u0438\u0441 \u0421\u0430\u0434\u044b\u043a\u043e\u0432\u0438\u0447", "action_flag": 1, "change_message": "[{\"added\": {}}]"}}, {"model": "admin.logentry", "pk": 35, "fields": {"action_time": "2019-05-13T09:48:51.101Z", "user": 1, "content_type": 8, "object_id": "1", "object_repr": "\u0414\u0435\u043f\u0430\u0440\u0442\u0430\u043c\u0435\u043d\u0442 \u043c\u0430\u0440\u043a\u0435\u0442\u0438\u043d\u0433\u0430 \u0438 \u0441\u0442\u0440\u0430\u0442\u0435\u0433\u0438\u0447\u0435\u0441\u043a\u043e\u0433\u043e \u0440\u0430\u0437\u0432\u0438\u0442\u0438\u044f \u0426\u0435\u043d\u0442\u0440\u0430\u043b\u044c\u043d\u043e\u0433\u043e \u0430\u043f\u043f\u0430\u0440\u0430\u0442 \u041e\u0442\u0434\u0435\u043b \u043c\u0430\u0440\u043a\u0435\u0442\u0438\u043d\u0433\u0430", "action_flag": 1, "change_message": "[{\"added\": {}}]"}}, {"model": "admin.logentry", "pk": 36, "fields": {"action_time": "2019-05-13T09:49:07.263Z", "user": 1, "content_type": 10, "object_id": "2", "object_repr": "\u041d\u0430\u0447\u0430\u043b\u044c\u043d\u0438\u043a \u043e\u0442\u0434\u0435\u043b\u0430", "action_flag": 1, "change_message": "[{\"added\": {}}]"}}, {"model": "admin.logentry", "pk": 37, "fields": {"action_time": "2019-05-13T09:49:29.976Z", "user": 1, "content_type": 12, "object_id": "2", "object_repr": "\u0413\u0430\u0444\u0430\u0440\u043e\u0432\u0430 \u0414\u0438\u043b\u044f\u043d\u0430 \u042e\u043d\u0443\u0441\u043e\u0432\u043d\u0430", "action_flag": 1, "change_message": "[{\"added\": {}}]"}}, {"model": "admin.logentry", "pk": 38, "fields": {"action_time": "2019-05-13T09:51:42.815Z", "user": 1, "content_type": 10, "object_id": "3", "object_repr": "\u0413\u043b\u0430\u0432\u043d\u044b\u0439 \u043c\u0435\u043d\u0435\u0434\u0436\u0435\u0440", "action_flag": 1, "change_message": "[{\"added\": {}}]"}}, {"model": "admin.logentry", "pk": 39, "fields": {"action_time": "2019-05-13T09:51:54.062Z", "user": 1, "content_type": 12, "object_id": "3", "object_repr": "\u0413\u0430\u043b\u0438\u0435\u0432 \u0422\u0435\u043c\u0438\u0440\u043b\u0430\u043d \u041a\u0430\u0439\u0440\u0430\u0442\u043e\u0432\u0438\u0447", "action_flag": 1, "change_message": "[{\"added\": {}}]"}}, {"model": "admin.logentry", "pk": 40, "fields": {"action_time": "2019-05-13T09:53:18.436Z", "user": 1, "content_type": 10, "object_id": "4", "object_repr": "\u0414\u0438\u0440\u0435\u043a\u0442\u043e\u0440 \u0434\u0435\u043f\u0430\u0440\u0442\u0430\u043c\u0435\u043d\u0442\u0430", "action_flag": 1, "change_message": "[{\"added\": {}}]"}}, {"model": "admin.logentry", "pk": 41, "fields": {"action_time": "2019-05-13T09:53:38.196Z", "user": 1, "content_type": 12, "object_id": "4", "object_repr": "\u0422\u0430\u0441\u0430\u043d\u0431\u0430\u0435\u0432 \u0411\u0430\u0445\u044b\u0442\u0436\u0430\u043d \u0421\u0430\u043b\u0438\u043c\u0436\u0430\u043d\u043e\u0432\u0438\u0447", "action_flag": 1, "change_message": "[{\"added\": {}}]"}}, {"model": "admin.logentry", "pk": 42, "fields": {"action_time": "2019-05-15T06:30:44.563Z", "user": 1, "content_type": 12, "object_id": "4", "object_repr": "\u0410\u0445\u043c\u0435\u0442\u0436\u0430\u043d\u043e\u0432 \u0415\u0440\u0442\u0430\u0439 \u0413\u0430\u043b\u0438\u0443\u043b\u043b\u0430\u0435\u0432\u0438\u0447", "action_flag": 2, "change_message": "[{\"changed\": {\"fields\": [\"fullname\"]}}]"}}, {"model": "admin.logentry", "pk": 43, "fields": {"action_time": "2019-05-15T11:08:13.354Z", "user": 1, "content_type": 12, "object_id": "4", "object_repr": "\u0410\u0445\u043c\u0435\u0442\u0436\u0430\u043d\u043e\u0432 \u0415\u0440\u0442\u0430\u0439 \u0413\u0430\u043b\u0438\u0443\u043b\u043b\u0430\u0435\u0432\u0438\u0447", "action_flag": 3, "change_message": ""}}, {"model": "admin.logentry", "pk": 44, "fields": {"action_time": "2019-05-15T11:08:13.528Z", "user": 1, "content_type": 12, "object_id": "3", "object_repr": "1", "action_flag": 3, "change_message": ""}}, {"model": "admin.logentry", "pk": 45, "fields": {"action_time": "2019-05-15T11:08:13.594Z", "user": 1, "content_type": 12, "object_id": "2", "object_repr": "1", "action_flag": 3, "change_message": ""}}, {"model": "admin.logentry", "pk": 46, "fields": {"action_time": "2019-05-15T11:08:13.661Z", "user": 1, "content_type": 12, "object_id": "1", "object_repr": "1", "action_flag": 3, "change_message": ""}}, {"model": "admin.logentry", "pk": 47, "fields": {"action_time": "2019-05-15T11:53:07.726Z", "user": 1, "content_type": 12, "object_id": "5", "object_repr": "\u0428\u043e\u0442\u0430\u043d\u043e\u0432 \u0422\u0443\u043b\u0435\u043c\u0438\u0441 \u0421\u0430\u0434\u044b\u043a\u043e\u0432\u0438\u0447", "action_flag": 1, "change_message": "[{\"added\": {}}]"}}, {"model": "admin.logentry", "pk": 48, "fields": {"action_time": "2019-05-15T11:53:35.938Z", "user": 1, "content_type": 10, "object_id": "5", "object_repr": "\u041f\u0440\u0438\u0435\u043c\u043d\u0430\u044f", "action_flag": 1, "change_message": "[{\"added\": {}}]"}}, {"model": "admin.logentry", "pk": 49, "fields": {"action_time": "2019-05-15T11:53:59.496Z", "user": 1, "content_type": 12, "object_id": "6", "object_repr": "\u0410\u043c\u0430\u043d\u0433\u0435\u043b\u044c\u0434\u0438\u043d\u043e\u0432\u0430 \u0421\u0430\u043c\u0430\u043b", "action_flag": 1, "change_message": "[{\"added\": {}}]"}}, {"model": "admin.logentry", "pk": 50, "fields": {"action_time": "2019-05-15T11:54:48.403Z", "user": 1, "content_type": 10, "object_id": "6", "object_repr": "\u0417\u0430\u043c\u0435\u0441\u0442\u0438\u0442\u0435\u043b\u044c \u0433\u0435\u043d\u0435\u0440\u0430\u043b\u044c\u043d\u043e\u0433\u043e \u0434\u0438\u0440\u0435\u043a\u0442\u043e\u0440\u0430 \u043f\u043e \u043e\u043f\u0435\u0440\u0430\u0446\u0438\u043e\u043d\u043d\u043e\u043c\u0443 \u0443\u043f\u0440\u0430\u0432\u043b\u0435\u043d\u0438\u044e", "action_flag": 1, "change_message": "[{\"added\": {}}]"}}, {"model": "admin.logentry", "pk": 51, "fields": {"action_time": "2019-05-15T11:55:07.166Z", "user": 1, "content_type": 12, "object_id": "7", "object_repr": "\u041a\u0430\u043b\u0438\u0435\u0432 \u0410\u0431\u0438\u0431\u0443\u043b\u043b\u0430 \u0420\u0430\u0445\u043c\u0430\u0442\u0442\u0443\u043b\u043b\u0430\u0435\u0432\u0438\u0447", "action_flag": 1, "change_message": "[{\"added\": {}}]"}}, {"model": "admin.logentry", "pk": 52, "fields": {"action_time": "2019-05-15T11:55:30.507Z", "user": 1, "content_type": 12, "object_id": "8", "object_repr": "\u041c\u0443\u0441\u0430\u0442\u0430\u0435\u0432\u0430 \u0410\u0439\u0442\u0436\u0430\u043d \u0411\u0435\u0440\u0438\u043a\u043e\u0432\u043d\u0430", "action_flag": 1, "change_message": "[{\"added\": {}}]"}}, {"model": "admin.logentry", "pk": 53, "fields": {"action_time": "2019-05-15T11:55:49.701Z", "user": 1, "content_type": 10, "object_id": "7", "object_repr": "\u0417\u0430\u043c\u0435\u0441\u0442\u0438\u0442\u0435\u043b\u044c \u0433\u0435\u043d\u0435\u0440\u0430\u043b\u044c\u043d\u043e\u0433\u043e \u0434\u0438\u0440\u0435\u043a\u0442\u043e\u0440\u0430 \u043f\u043e \u0440\u0430\u0437\u0432\u0438\u0442\u0438\u044e", "action_flag": 1, "change_message": "[{\"added\": {}}]"}}, {"model": "admin.logentry", "pk": 54, "fields": {"action_time": "2019-05-15T11:56:05.308Z", "user": 1, "content_type": 12, "object_id": "9", "object_repr": "\u041c\u0443\u0441\u0430\u0435\u0432 \u0410\u0437\u0430\u043c\u0430\u0442 \u0414\u0436\u0443\u043c\u0430\u0442\u043e\u0432\u0438\u0447", "action_flag": 1, "change_message": "[{\"added\": {}}]"}}, {"model": "admin.logentry", "pk": 55, "fields": {"action_time": "2019-05-15T11:56:33.256Z", "user": 1, "content_type": 10, "object_id": "8", "object_repr": "\u0417\u0430\u043c\u0435\u0441\u0442\u0438\u0442\u0435\u043b\u044c \u0433\u0435\u043d\u0435\u0440\u0430\u043b\u044c\u043d\u043e\u0433\u043e \u0434\u0438\u0440\u0435\u043a\u0442\u043e\u0440\u0430 \u043f\u043e \u0444\u0438\u043d\u0430\u043d\u0441\u0430\u043c", "action_flag": 1, "change_message": "[{\"added\": {}}]"}}, {"model": "admin.logentry", "pk": 56, "fields": {"action_time": "2019-05-15T11:56:38.513Z", "user": 1, "content_type": 12, "object_id": "10", "object_repr": "\u0422\u043e\u043a\u0435\u0435\u0432\u0430 \u0410\u0441\u0435\u043b\u044c \u0411\u0430\u0442\u044b\u0440\u0445\u0430\u043d\u043e\u0432\u043d\u0430", "action_flag": 1, "change_message": "[{\"added\": {}}]"}}, {"model": "admin.logentry", "pk": 57, "fields": {"action_time": "2019-05-15T11:56:47.647Z", "user": 1, "content_type": 10, "object_id": "9", "object_repr": "\u0421\u043e\u0432\u0435\u0442\u043d\u0438\u043a", "action_flag": 1, "change_message": "[{\"added\": {}}]"}}, {"model": "admin.logentry", "pk": 58, "fields": {"action_time": "2019-05-15T11:57:04.022Z", "user": 1, "content_type": 12, "object_id": "11", "object_repr": "\u0421\u04d9\u0440\u0441\u0435\u043d\u0431\u0435\u043a \u0420\u043e\u043b\u043b\u0430\u043d \u041e\u0440\u0430\u0437\u04d9\u043b\u0456\u04b1\u043b\u044b", "action_flag": 1, "change_message": "[{\"added\": {}}]"}}, {"model": "admin.logentry", "pk": 59, "fields": {"action_time": "2019-05-15T11:57:30.703Z", "user": 1, "content_type": 12, "object_id": "12", "object_repr": "\u0422\u043b\u0435\u043f\u043e\u0432\u0430 \u0410\u044f\u0433\u043e\u0437 \u0415\u0440\u0431\u043e\u043b\u043e\u0432\u043d\u0430", "action_flag": 1, "change_message": "[{\"added\": {}}]"}}, {"model": "admin.logentry", "pk": 60, "fields": {"action_time": "2019-05-15T11:58:16.193Z", "user": 1, "content_type": 12, "object_id": "13", "object_repr": "\u0410\u0442\u044b\u0445\u0430\u043d\u043e\u0432 \u0422\u0430\u043c\u0435\u0440\u043b\u0430\u043d \u041a\u0430\u043d\u0430\u0442\u043e\u0432\u0438\u0447", "action_flag": 1, "change_message": "[{\"added\": {}}]"}}, {"model": "admin.logentry", "pk": 61, "fields": {"action_time": "2019-05-15T11:58:39.796Z", "user": 1, "content_type": 12, "object_id": "14", "object_repr": "\u0428\u0430\u0439\u043c\u0435\u0440\u0434\u0435\u043d\u043e\u0432\u0430 \u0416\u04d9\u043d\u0435\u043b \u0410\u0441\u049b\u0430\u0440\u049b\u044b\u0437\u044b", "action_flag": 1, "change_message": "[{\"added\": {}}]"}}, {"model": "admin.logentry", "pk": 62, "fields": {"action_time": "2019-05-15T11:59:25.735Z", "user": 1, "content_type": 10, "object_id": "10", "object_repr": "\u0413\u043b\u0430\u0432\u043d\u044b\u0439 \u0431\u0443\u0445\u0433\u0430\u043b\u0442\u0435\u0440", "action_flag": 1, "change_message": "[{\"added\": {}}]"}}, {"model": "admin.logentry", "pk": 63, "fields": {"action_time": "2019-05-15T11:59:39.592Z", "user": 1, "content_type": 12, "object_id": "15", "object_repr": "\u0420\u0433\u0430\u0435\u0432\u0430 \u0417\u0430\u0440\u0438\u043d\u0430 \u041a\u0443\u0430\u043d\u044b\u0448\u043a\u0430\u043b\u0438\u0435\u0432\u043d\u0430", "action_flag": 1, "change_message": "[{\"added\": {}}]"}}, {"model": "admin.logentry", "pk": 64, "fields": {"action_time": "2019-05-15T12:00:19.513Z", "user": 1, "content_type": 10, "object_id": "11", "object_repr": "\u0417\u0430\u043c\u0435\u0441\u0442\u0438\u0442\u0435\u043b\u044c \u0433\u043b\u0430\u0432\u043d\u043e\u0433\u043e \u0431\u0443\u0445\u0433\u0430\u043b\u0442\u0435\u0440\u0430", "action_flag": 1, "change_message": "[{\"added\": {}}]"}}, {"model": "admin.logentry", "pk": 65, "fields": {"action_time": "2019-05-15T12:00:39.781Z", "user": 1, "content_type": 12, "object_id": "16", "object_repr": "\u041d\u0435\u0433\u043c\u0430\u043d\u043e\u0432\u0430 \u0410\u0440\u0430\u0439 \u041a\u0430\u0439\u0440\u0430\u0442\u043e\u0432\u043d\u0430", "action_flag": 1, "change_message": "[{\"added\": {}}]"}}, {"model": "admin.logentry", "pk": 66, "fields": {"action_time": "2019-05-15T12:01:00.135Z", "user": 1, "content_type": 10, "object_id": "12", "object_repr": "\u0413\u043b\u0430\u0432\u043d\u044b\u0439 \u043c\u0435\u043d\u0435\u0434\u0436\u0435\u0440 - \u0431\u0443\u0445\u0433\u0430\u043b\u0442\u0435\u0440", "action_flag": 1, "change_message": "[{\"added\": {}}]"}}, {"model": "admin.logentry", "pk": 67, "fields": {"action_time": "2019-05-15T12:01:24.748Z", "user": 1, "content_type": 12, "object_id": "17", "object_repr": "\u0422\u043e\u043a\u0442\u0430\u0440\u043e\u0432\u0430 \u041b\u0438\u043c\u0430 \u041e\u0440\u0430\u0437\u0431\u0430\u0435\u0432\u043d\u0430", "action_flag": 1, "change_message": "[{\"added\": {}}]"}}, {"model": "admin.logentry", "pk": 68, "fields": {"action_time": "2019-05-15T12:01:42.036Z", "user": 1, "content_type": 10, "object_id": "13", "object_repr": "\u0411\u0443\u0445\u0433\u0430\u043b\u0442\u0435\u0440", "action_flag": 1, "change_message": "[{\"added\": {}}]"}}, {"model": "admin.logentry", "pk": 69, "fields": {"action_time": "2019-05-15T12:02:03.201Z", "user": 1, "content_type": 12, "object_id": "18", "object_repr": "\u041e\u043c\u0430\u0440\u043e\u0432\u0430 \u0413\u0443\u043b\u044c\u043d\u0430\u0437 \u041c\u0443\u0440\u0430\u0442\u043a\u044b\u0437\u044b", "action_flag": 1, "change_message": "[{\"added\": {}}]"}}, {"model": "admin.logentry", "pk": 70, "fields": {"action_time": "2019-05-15T12:02:32.873Z", "user": 1, "content_type": 12, "object_id": "19", "object_repr": "\u0422\u0435\u043c\u0456\u0440\u0493\u0430\u043b\u044b \u0410\u0439\u0433\u04af\u043b \u041d\u04b1\u0440\u043c\u04b1\u0445\u0430\u043c\u0435\u0434\u049b\u044b\u0437\u044b", "action_flag": 1, "change_message": "[{\"added\": {}}]"}}, {"model": "admin.logentry", "pk": 71, "fields": {"action_time": "2019-05-15T12:02:58.549Z", "user": 1, "content_type": 12, "object_id": "20", "object_repr": "\u0421\u0435\u0440\u0438\u043a\u0431\u0430\u0435\u0432\u0430 \u041a\u0443\u0430\u043d\u044b\u0448 \u0422\u044e\u0442\u0438\u0431\u0430\u0435\u0432\u043d\u0430", "action_flag": 1, "change_message": "[{\"added\": {}}]"}}, {"model": "admin.logentry", "pk": 72, "fields": {"action_time": "2019-05-15T12:03:23.306Z", "user": 1, "content_type": 12, "object_id": "21", "object_repr": "\u0422\u043e\u043a\u0442\u0430\u0440\u0433\u0430\u043b\u0438\u0435\u0432\u0430 \u0413\u0443\u043b\u044c\u0436\u0430\u043d\u0430\u0442 \u0421\u0430\u0442\u044b\u0431\u0430\u043b\u0434\u0438\u043d\u043e\u0432\u043d\u0430", "action_flag": 1, "change_message": "[{\"added\": {}}]"}}, {"model": "admin.logentry", "pk": 73, "fields": {"action_time": "2019-05-15T12:03:44.369Z", "user": 1, "content_type": 12, "object_id": "22", "object_repr": "\u041a\u0430\u043d\u0430\u0433\u0430\u0442\u043e\u0432\u0430 \u0417\u0430\u0440\u0438\u043d\u0430 \u042d\u0434\u0438\u043b\u044c\u0435\u0432\u043d\u0430", "action_flag": 1, "change_message": "[{\"added\": {}}]"}}, {"model": "admin.logentry", "pk": 74, "fields": {"action_time": "2019-05-15T12:04:07.086Z", "user": 1, "content_type": 12, "object_id": "23", "object_repr": "\u0418\u0441\u0438\u043d\u0430 \u0410\u0441\u0435\u043c \u0410\u0441\u044b\u043b\u0445\u0430\u043d\u043e\u0432\u0430", "action_flag": 1, "change_message": "[{\"added\": {}}]"}}, {"model": "admin.logentry", "pk": 75, "fields": {"action_time": "2019-05-15T12:07:12.610Z", "user": 1, "content_type": 12, "object_id": "24", "object_repr": "\u041a\u0430\u043a\u0435\u0442\u0430\u0435\u0432\u0430 \u0413\u0443\u043b\u044c\u0431\u0430\u043d\u0443 \u0421\u0435\u0440\u0438\u043a\u043e\u0432\u043d\u0430", "action_flag": 1, "change_message": "[{\"added\": {}}]"}}, {"model": "admin.logentry", "pk": 76, "fields": {"action_time": "2019-05-15T12:07:39.292Z", "user": 1, "content_type": 12, "object_id": "25", "object_repr": "\u0422\u0443\u043a\u0435\u0435\u0432\u0430 \u0416\u0430\u043d\u043d\u0430 \u0423\u043b\u0443\u0433\u0431\u0435\u043a\u043e\u0432\u043d\u0430", "action_flag": 1, "change_message": "[{\"added\": {}}]"}}, {"model": "admin.logentry", "pk": 77, "fields": {"action_time": "2019-05-15T12:08:11.499Z", "user": 1, "content_type": 12, "object_id": "26", "object_repr": "\u0411\u043e\u043b\u0442\u0430\u0435\u0432\u0430 \u0414\u0438\u043d\u0430\u0440\u0430 \u0410\u043b\u0442\u044b\u043d\u0431\u0435\u043a\u043e\u0432\u043d\u0430", "action_flag": 1, "change_message": "[{\"added\": {}}]"}}, {"model": "admin.logentry", "pk": 78, "fields": {"action_time": "2019-05-15T12:08:31.145Z", "user": 1, "content_type": 12, "object_id": "27", "object_repr": "\u0421\u0443\u043b\u0430\u0439\u043c\u0430\u043d\u043e\u0432\u0430 \u0417\u0443\u0445\u0440\u0430 \u041c\u0438\u0440\u0437\u0430\u0431\u0430\u0435\u0432\u043d\u0430", "action_flag": 1, "change_message": "[{\"added\": {}}]"}}, {"model": "admin.logentry", "pk": 79, "fields": {"action_time": "2019-05-15T12:09:01.121Z", "user": 1, "content_type": 12, "object_id": "28", "object_repr": "\u0414\u0430\u0443\u043b\u0435\u0442\u043a\u0430\u043b\u0438\u0435\u0432 \u0410\u043a\u044b\u043b \u0415\u0441\u0431\u043e\u043b\u0443\u043b\u044b", "action_flag": 1, "change_message": "[{\"added\": {}}]"}}, {"model": "admin.logentry", "pk": 80, "fields": {"action_time": "2019-05-15T12:09:25.771Z", "user": 1, "content_type": 12, "object_id": "29", "object_repr": "\u0422\u0430\u0439\u0448\u0435\u043d\u043e\u0432 \u0410\u043a\u044b\u043b\u0431\u0435\u043a \u0410\u043b\u0438\u0431\u0435\u043a\u043e\u0432\u0438\u0447", "action_flag": 1, "change_message": "[{\"added\": {}}]"}}, {"model": "admin.logentry", "pk": 81, "fields": {"action_time": "2019-05-15T12:09:47.303Z", "user": 1, "content_type": 10, "object_id": "14", "object_repr": "\u041c\u0435\u043d\u0435\u0434\u0436\u0435\u0440 IT", "action_flag": 1, "change_message": "[{\"added\": {}}]"}}, {"model": "admin.logentry", "pk": 82, "fields": {"action_time": "2019-05-15T12:10:01.257Z", "user": 1, "content_type": 12, "object_id": "30", "object_repr": "\u041c\u0443\u0445\u0430\u043c\u0435\u0434\u0430\u043b\u0438\u043d\u043e\u0432 \u0414\u0430\u0440\u0445\u0430\u043d \u0410\u0441\u043a\u0430\u0442\u043e\u0432\u0438\u0447", "action_flag": 1, "change_message": "[{\"added\": {}}]"}}, {"model": "admin.logentry", "pk": 83, "fields": {"action_time": "2019-05-15T12:10:41.431Z", "user": 1, "content_type": 12, "object_id": "31", "object_repr": "\u0422\u0430\u0441\u0430\u043d\u0431\u0430\u0435\u0432 \u0411\u0430\u0445\u044b\u0442\u0436\u0430\u043d \u0421\u0430\u043b\u0438\u043c\u0436\u0430\u043d\u043e\u0432\u0438\u0447", "action_flag": 1, "change_message": "[{\"added\": {}}]"}}, {"model": "admin.logentry", "pk": 84, "fields": {"action_time": "2019-05-15T12:11:05.836Z", "user": 1, "content_type": 12, "object_id": "32", "object_repr": "\u0410\u0439\u0442\u0436\u0430\u043d\u043e\u0432 \u0410\u043b\u0456\u0445\u0430\u043d \u0411\u0456\u0440\u0436\u0430\u043d\u04b1\u043b\u044b", "action_flag": 1, "change_message": "[{\"added\": {}}]"}}, {"model": "admin.logentry", "pk": 85, "fields": {"action_time": "2019-05-20T09:38:17.474Z", "user": 1, "content_type": 12, "object_id": "33", "object_repr": "\u0413\u0430\u0444\u0430\u0440\u043e\u0432\u0430 \u0414\u0438\u043b\u044f\u043d\u0430 \u042e\u043d\u0443\u0441\u043e\u0432\u043d\u0430", "action_flag": 1, "change_message": "[{\"added\": {}}]"}}, {"model": "admin.logentry", "pk": 86, "fields": {"action_time": "2019-05-20T09:41:37.591Z", "user": 1, "content_type": 12, "object_id": "34", "object_repr": "\u0413\u0430\u043b\u0438\u0435\u0432 \u0422\u0435\u043c\u0438\u0440\u043b\u0430\u043d \u041a\u0430\u0439\u0440\u0430\u0442\u043e\u0432\u0438\u0447", "action_flag": 1, "change_message": "[{\"added\": {}}]"}}, {"model": "admin.logentry", "pk": 87, "fields": {"action_time": "2019-05-20T09:42:13.235Z", "user": 1, "content_type": 8, "object_id": "2", "object_repr": "\u0414\u0435\u043f\u0430\u0440\u0442\u0430\u043c\u0435\u043d\u0442 \u043c\u0430\u0440\u043a\u0435\u0442\u0438\u043d\u0433\u0430 \u0438 \u0441\u0442\u0440\u0430\u0442\u0435\u0433\u0438\u0447\u0435\u0441\u043a\u043e\u0433\u043e \u0440\u0430\u0437\u0432\u0438\u0442\u0438\u044f \u0426\u0435\u043d\u0442\u0440\u0430\u043b\u044c\u043d\u043e\u0433\u043e \u0430\u043f\u043f\u0430\u0440\u0430\u0442 \u041e\u0442\u0434\u0435\u043b \u0441\u0442\u0440\u0430\u0442\u0435\u0433\u0438\u0447\u0435\u0441\u043a\u043e\u0433\u043e \u043f\u043b\u0430\u043d\u0438\u0440\u043e\u0432\u0430\u043d\u0438\u044f", "action_flag": 1, "change_message": "[{\"added\": {}}]"}}, {"model": "admin.logentry", "pk": 88, "fields": {"action_time": "2019-05-20T09:42:16.848Z", "user": 1, "content_type": 12, "object_id": "35", "object_repr": "\u0416\u0430\u043d\u0430\u043b\u0438\u0435\u0432 \u0414\u043e\u0441\u0431\u043e\u043b \u0421\u0435\u0440\u0438\u043a\u043e\u0432\u0438\u0447", "action_flag": 1, "change_message": "[{\"added\": {}}]"}}, {"model": "admin.logentry", "pk": 89, "fields": {"action_time": "2019-05-20T10:14:17.010Z", "user": 1, "content_type": 12, "object_id": "36", "object_repr": "\u0412\u0430\u043b\u0438\u0442\u043e\u0432\u0430 \u0414\u0430\u043d\u0438\u044f \u0428\u0430\u0439\u0434\u0443\u043b\u043b\u0430\u0435\u0432\u043d\u0430", "action_flag": 1, "change_message": "[{\"added\": {}}]"}}, {"model": "admin.logentry", "pk": 90, "fields": {"action_time": "2019-05-20T10:14:35.413Z", "user": 1, "content_type": 8, "object_id": "3", "object_repr": "\u0414\u0435\u043f\u0430\u0440\u0442\u0430\u043c\u0435\u043d\u0442 \u043c\u0430\u0440\u043a\u0435\u0442\u0438\u043d\u0433\u0430 \u0438 \u0441\u0442\u0440\u0430\u0442\u0435\u0433\u0438\u0447\u0435\u0441\u043a\u043e\u0433\u043e \u0440\u0430\u0437\u0432\u0438\u0442\u0438\u044f \u0426\u0435\u043d\u0442\u0440\u0430\u043b\u044c\u043d\u043e\u0433\u043e \u0430\u043f\u043f\u0430\u0440\u0430\u0442 \u041e\u0442\u0434\u0435\u043b \u0437\u0430\u043a\u0443\u043f\u0430 \u0422\u041d\u041f", "action_flag": 1, "change_message": "[{\"added\": {}}]"}}, {"model": "admin.logentry", "pk": 91, "fields": {"action_time": "2019-05-20T10:14:51.547Z", "user": 1, "content_type": 12, "object_id": "37", "object_repr": "\u0411\u0430\u0439\u043d\u0430\u0437\u0430\u0440\u043e\u0432\u0430 \u0410\u0439\u0433\u0435\u0440\u0438\u043c \u041a\u0430\u0439\u0440\u0430\u0442\u043e\u0432\u043d\u0430", "action_flag": 1, "change_message": "[{\"added\": {}}]"}}, {"model": "admin.logentry", "pk": 92, "fields": {"action_time": "2019-05-20T10:15:26.054Z", "user": 1, "content_type": 12, "object_id": "38", "object_repr": "\u0423\u0442\u0435\u0431\u0430\u0435\u0432 \u0413\u0430\u043b\u044b\u043c\u0436\u0430\u043d \u041c\u0443\u0445\u0430\u043c\u0431\u0435\u0442\u043e\u0432\u0438\u0447", "action_flag": 1, "change_message": "[{\"added\": {}}]"}}, {"model": "admin.logentry", "pk": 93, "fields": {"action_time": "2019-05-20T10:15:48.840Z", "user": 1, "content_type": 12, "object_id": "39", "object_repr": "\u0421\u0435\u043c\u0431\u0430\u0435\u0432 \u0411\u0430\u0443\u044b\u0440\u0436\u0430\u043d \u0425\u0430\u0431\u0438\u0431\u0443\u043b\u043b\u0438\u043d\u043e\u0432\u0438\u0447", "action_flag": 1, "change_message": "[{\"added\": {}}]"}}, {"model": "admin.logentry", "pk": 94, "fields": {"action_time": "2019-05-20T10:16:23.398Z", "user": 1, "content_type": 10, "object_id": "15", "object_repr": "\u041c\u0435\u043d\u0435\u0434\u0436\u0435\u0440", "action_flag": 1, "change_message": "[{\"added\": {}}]"}}, {"model": "admin.logentry", "pk": 95, "fields": {"action_time": "2019-05-20T10:16:34.224Z", "user": 1, "content_type": 12, "object_id": "40", "object_repr": "\u0425\u0430\u0439\u0438\u0442\u043e\u0432 \u041d\u0438\u044f\u0437 \u0425\u0430\u043c\u0437\u0430\u0435\u0432\u0438\u0447", "action_flag": 1, "change_message": "[{\"added\": {}}]"}}, {"model": "admin.logentry", "pk": 96, "fields": {"action_time": "2019-05-20T10:16:52.469Z", "user": 1, "content_type": 12, "object_id": "41", "object_repr": "\u041e\u0441\u043a\u0435\u043d\u043e\u0432 \u0410\u0439\u0434\u044b\u043d \u041c\u0430\u0442\u0435\u043d\u043e\u0432\u0438\u0447", "action_flag": 1, "change_message": "[{\"added\": {}}]"}}, {"model": "admin.logentry", "pk": 97, "fields": {"action_time": "2019-05-20T10:17:08.766Z", "user": 1, "content_type": 10, "object_id": "16", "object_repr": "\u0423\u043f\u0440\u0430\u0432\u043b\u044f\u044e\u0449\u0438\u0439 \u0434\u0438\u0440\u0435\u043a\u0442\u043e\u0440", "action_flag": 1, "change_message": "[{\"added\": {}}]"}}, {"model": "admin.logentry", "pk": 98, "fields": {"action_time": "2019-05-20T10:17:19.998Z", "user": 1, "content_type": 12, "object_id": "42", "object_repr": "\u0411\u0435\u043a\u043d\u0430\u0437\u0430\u0440\u043e\u0432 \u0410\u043d\u0432\u0430\u0440 \u041c\u0443\u0440\u0430\u0442\u043e\u0432\u0438\u0447", "action_flag": 1, "change_message": "[{\"added\": {}}]"}}, {"model": "admin.logentry", "pk": 99, "fields": {"action_time": "2019-05-20T10:17:43.400Z", "user": 1, "content_type": 12, "object_id": "43", "object_repr": "\u0421\u0443\u043b\u0442\u0430\u043d\u0431\u0435\u043a\u043e\u0432\u0430 \u041d\u0430\u0437\u0438\u0440\u0430 \u0414\u0443\u043c\u0430\u043d\u043e\u0432\u043d\u0430", "action_flag": 1, "change_message": "[{\"added\": {}}]"}}, {"model": "admin.logentry", "pk": 100, "fields": {"action_time": "2019-05-20T10:18:04.145Z", "user": 1, "content_type": 12, "object_id": "44", "object_repr": "\u0411\u0430\u049b\u044b\u0442\u049b\u044b\u0437\u044b \u0413\u0430\u043a\u043a\u0443", "action_flag": 1, "change_message": "[{\"added\": {}}]"}}, {"model": "admin.logentry", "pk": 101, "fields": {"action_time": "2019-05-20T10:18:24.954Z", "user": 1, "content_type": 12, "object_id": "45", "object_repr": "\u0418\u0441\u0430\u0431\u0435\u043a\u043e\u0432\u0430 \u041b\u0430\u0443\u0440\u0430 \u0417\u0430\u0439\u0441\u0430\u043d\u0431\u0430\u0435\u0432\u043d\u0430", "action_flag": 1, "change_message": "[{\"added\": {}}]"}}, {"model": "admin.logentry", "pk": 102, "fields": {"action_time": "2019-05-20T10:18:38.689Z", "user": 1, "content_type": 10, "object_id": "17", "object_repr": "\u0413\u043b\u0430\u0432\u043d\u044b\u0439 \u044e\u0440\u0438\u0441\u0442", "action_flag": 1, "change_message": "[{\"added\": {}}]"}}, {"model": "admin.logentry", "pk": 103, "fields": {"action_time": "2019-05-20T10:18:43.232Z", "user": 1, "content_type": 12, "object_id": "46", "object_repr": "\u0414\u0443\u0439\u0441\u0435\u043d\u0431\u0438\u043d\u043e\u0432 \u0415\u0440\u0435\u043d \u0415\u043b\u0435\u0443\u0441\u0438\u0437\u043e\u0432\u0438\u0447", "action_flag": 1, "change_message": "[{\"added\": {}}]"}}, {"model": "admin.logentry", "pk": 104, "fields": {"action_time": "2019-05-20T10:19:00.367Z", "user": 1, "content_type": 10, "object_id": "18", "object_repr": "\u042e\u0440\u0438\u0441\u0442", "action_flag": 1, "change_message": "[{\"added\": {}}]"}}, {"model": "admin.logentry", "pk": 105, "fields": {"action_time": "2019-05-20T10:19:13.892Z", "user": 1, "content_type": 12, "object_id": "47", "object_repr": "\u0415\u0440\u0436\u0430\u043d\u043e\u0432 \u0410\u043d\u0443\u0430\u0440\u0431\u0435\u043a \u0428\u043e\u0440\u0442\u0430\u043d\u0431\u0430\u0435\u0432\u0438\u0447", "action_flag": 1, "change_message": "[{\"added\": {}}]"}}, {"model": "admin.logentry", "pk": 106, "fields": {"action_time": "2019-05-20T10:20:51.332Z", "user": 1, "content_type": 12, "object_id": "48", "object_repr": "\u0411\u0430\u043b\u0442\u0430\u0431\u0430\u0435\u0432 \u041c\u0430\u0440\u0430\u0442 \u041a\u0435\u043d\u0436\u0435\u0433\u0430\u043b\u0438\u0435\u0432\u0438\u0447", "action_flag": 1, "change_message": "[{\"added\": {}}]"}}, {"model": "admin.logentry", "pk": 107, "fields": {"action_time": "2019-05-20T10:21:23.921Z", "user": 1, "content_type": 12, "object_id": "49", "object_repr": "\u0410\u043b\u0438\u0435\u0432 \u0414\u0430\u0443\u0440\u0435\u043d \u0422\u043e\u043b\u0435\u0433\u0435\u043d\u043e\u0432\u0438\u0447", "action_flag": 1, "change_message": "[{\"added\": {}}]"}}, {"model": "admin.logentry", "pk": 108, "fields": {"action_time": "2019-05-20T10:21:50.227Z", "user": 1, "content_type": 12, "object_id": "50", "object_repr": "\u041c\u0430\u0433\u0430\u0439 \u0422\u0430\u0442\u044c\u044f\u043d\u0430 \u0412\u0430\u043b\u0435\u043d\u0442\u0438\u043d\u043e\u0432\u043d\u0430", "action_flag": 1, "change_message": "[{\"added\": {}}]"}}, {"model": "admin.logentry", "pk": 109, "fields": {"action_time": "2019-05-20T10:21:57.997Z", "user": 1, "content_type": 12, "object_id": "49", "object_repr": "\u0410\u043b\u0438\u0435\u0432 \u0414\u0430\u0443\u0440\u0435\u043d \u0422\u043e\u043b\u0435\u0433\u0435\u043d\u043e\u0432\u0438\u0447", "action_flag": 2, "change_message": "[{\"changed\": {\"fields\": [\"room\"]}}]"}}, {"model": "admin.logentry", "pk": 110, "fields": {"action_time": "2019-05-20T10:22:37.405Z", "user": 1, "content_type": 12, "object_id": "51", "object_repr": "\u041e\u0440\u044b\u043d\u0431\u0430\u0441\u0430\u0440 \u0410\u0431\u0430\u0439 \u0410\u043c\u0430\u043d\u0433\u0435\u043b\u0434\u0456\u04b1\u043b\u044b", "action_flag": 1, "change_message": "[{\"added\": {}}]"}}, {"model": "admin.logentry", "pk": 111, "fields": {"action_time": "2019-05-20T10:23:18.827Z", "user": 1, "content_type": 12, "object_id": "52", "object_repr": "\u041d\u0443\u0440\u0442\u0430\u0435\u0432 \u0415\u0440\u0436\u0430\u043d \u0410\u0434\u0438\u043b\u0445\u0430\u043d\u043e\u0432\u0438\u0447", "action_flag": 1, "change_message": "[{\"added\": {}}]"}}, {"model": "admin.logentry", "pk": 112, "fields": {"action_time": "2019-05-20T10:23:59.496Z", "user": 1, "content_type": 12, "object_id": "53", "object_repr": "\u0410\u0441\u044b\u043b\u0431\u0435\u043a\u043e\u0432 \u0410\u0445\u043c\u0435\u0442 \u0422\u0435\u043c\u0435\u0440\u0431\u0430\u0435\u0432\u0438\u0447", "action_flag": 1, "change_message": "[{\"added\": {}}]"}}, {"model": "admin.logentry", "pk": 113, "fields": {"action_time": "2019-05-20T10:24:53.375Z", "user": 1, "content_type": 8, "object_id": "4", "object_repr": "\u0414\u0435\u043f\u0430\u0440\u0442\u0430\u043c\u0435\u043d\u0442 \u0443\u043f\u0440\u0430\u0432\u043b\u0435\u043d\u0438\u044f \u0437\u0430\u043f\u0430\u0441\u0430\u043c\u0438 \u0438 \u043b\u043e\u0433\u0438\u0441\u0442\u0438\u043a\u0438 \u0426\u0435\u043d\u0442\u0440\u0430\u043b\u044c\u043d\u043e\u0433\u043e \u0430\u043f\u043f\u0430\u0440\u0430\u0442 \u041e\u0442\u0434\u0435\u043b \u0432\u0437\u0430\u0438\u043c\u043e\u0434\u0435\u0439\u0441\u0442\u0432\u0438\u044f \u0441 \u043d\u0435\u0444\u0442\u0435\u0431\u0430\u0437\u0430\u043c\u0438", "action_flag": 1, "change_message": "[{\"added\": {}}]"}}, {"model": "admin.logentry", "pk": 114, "fields": {"action_time": "2019-05-20T10:25:09.387Z", "user": 1, "content_type": 12, "object_id": "54", "object_repr": "\u0414\u0430\u0443\u043b\u0435\u0442\u0438\u044f\u0440\u043e\u0432 \u041c\u0430\u0433\u0437\u0430\u0442 \u0422\u0438\u043b\u0435\u043a\u043a\u0430\u0431\u044b\u043b\u043e\u0432\u0438\u0447", "action_flag": 1, "change_message": "[{\"added\": {}}]"}}, {"model": "admin.logentry", "pk": 115, "fields": {"action_time": "2019-05-20T10:25:49.164Z", "user": 1, "content_type": 12, "object_id": "55", "object_repr": "\u0415\u0441\u043a\u0435\u043d\u0434\u0438\u0440\u043e\u0432 \u0422\u0435\u043c\u0438\u0440\u043b\u0430\u043d \u041a\u0430\u043d\u0430\u0442\u043e\u0432\u0438\u0447", "action_flag": 1, "change_message": "[{\"added\": {}}]"}}, {"model": "admin.logentry", "pk": 116, "fields": {"action_time": "2019-05-20T10:26:35.477Z", "user": 1, "content_type": 8, "object_id": "5", "object_repr": "\u0414\u0435\u043f\u0430\u0440\u0442\u0430\u043c\u0435\u043d\u0442 \u0443\u043f\u0440\u0430\u0432\u043b\u0435\u043d\u0438\u044f \u0437\u0430\u043f\u0430\u0441\u0430\u043c\u0438 \u0438 \u043b\u043e\u0433\u0438\u0441\u0442\u0438\u043a\u0438 \u0426\u0435\u043d\u0442\u0440\u0430\u043b\u044c\u043d\u043e\u0433\u043e \u0430\u043f\u043f\u0430\u0440\u0430\u0442 \u041e\u0442\u0434\u0435\u043b \u0442\u0440\u0430\u043d\u0441\u043f\u043e\u0440\u0442\u043d\u043e\u0439 \u043b\u043e\u0433\u0438\u0441\u0442\u0438\u043a\u0438", "action_flag": 1, "change_message": "[{\"added\": {}}]"}}, {"model": "admin.logentry", "pk": 117, "fields": {"action_time": "2019-05-20T10:26:39.662Z", "user": 1, "content_type": 12, "object_id": "56", "object_repr": "\u0411\u0430\u0439\u043c\u0430\u0433\u0430\u043d\u0431\u0435\u0442\u043e\u0432\u0430 \u0410\u0439\u0433\u0443\u043b\u044c \u041a\u0430\u043d\u0430\u0442\u043e\u0432\u043d\u0430", "action_flag": 1, "change_message": "[{\"added\": {}}]"}}, {"model": "admin.logentry", "pk": 118, "fields": {"action_time": "2019-05-20T10:27:11.459Z", "user": 1, "content_type": 12, "object_id": "57", "object_repr": "\u041a\u0430\u0431\u0434\u0440\u0430\u0445\u043c\u0430\u043d\u043e\u0432 \u041e\u043b\u0436\u0430\u0441 \u041a\u0430\u043d\u0430\u0442\u0431\u0435\u043a\u043e\u0432\u0438\u0447", "action_flag": 1, "change_message": "[{\"added\": {}}]"}}, {"model": "admin.logentry", "pk": 119, "fields": {"action_time": "2019-05-20T10:27:30.361Z", "user": 1, "content_type": 8, "object_id": "6", "object_repr": "\u0414\u0435\u043f\u0430\u0440\u0442\u0430\u043c\u0435\u043d\u0442 \u0443\u043f\u0440\u0430\u0432\u043b\u0435\u043d\u0438\u044f \u0437\u0430\u043f\u0430\u0441\u0430\u043c\u0438 \u0438 \u043b\u043e\u0433\u0438\u0441\u0442\u0438\u043a\u0438 \u0426\u0435\u043d\u0442\u0440\u0430\u043b\u044c\u043d\u043e\u0433\u043e \u0430\u043f\u043f\u0430\u0440\u0430\u0442 \u041e\u0442\u0434\u0435\u043b \u0437\u0430\u043a\u0443\u043f\u0430 \u0438 \u043f\u043b\u0430\u043d\u0438\u0440\u043e\u0432\u0430\u043d\u0438\u044f \u0437\u0430\u043f\u0430\u0441\u043e\u0432", "action_flag": 1, "change_message": "[{\"added\": {}}]"}}, {"model": "admin.logentry", "pk": 120, "fields": {"action_time": "2019-05-20T10:27:54.859Z", "user": 1, "content_type": 12, "object_id": "58", "object_repr": "\u0411\u0443\u0441\u0443\u0440\u043c\u0430\u043d\u043e\u0432\u0430 \u0410\u043b\u0438\u044f \u0411\u0438\u0436\u0443\u043c\u0430\u043d\u043e\u0432\u043d\u0430", "action_flag": 1, "change_message": "[{\"added\": {}}]"}}, {"model": "admin.logentry", "pk": 121, "fields": {"action_time": "2019-05-20T10:28:38.253Z", "user": 1, "content_type": 12, "object_id": "59", "object_repr": "\u0414\u0436\u0430\u0439\u043b\u044b\u0431\u0430\u0435\u0432 \u0410\u043b\u043c\u0430\u0442 \u0410\u0445\u043c\u0435\u0442\u043e\u0432\u0438\u0447", "action_flag": 1, "change_message": "[{\"added\": {}}]"}}, {"model": "admin.logentry", "pk": 122, "fields": {"action_time": "2019-05-20T10:28:53.241Z", "user": 1, "content_type": 8, "object_id": "7", "object_repr": "\u0414\u0435\u043f\u0430\u0440\u0442\u0430\u043c\u0435\u043d\u0442 \u0440\u0435\u0430\u043b\u0438\u0437\u0430\u0446\u0438\u0438 \u043d\u0435\u0444\u0442\u0435\u043f\u0440\u043e\u0434\u0443\u043a\u0442\u043e\u0432 \u0426\u0435\u043d\u0442\u0440\u0430\u043b\u044c\u043d\u043e\u0433\u043e \u0430\u043f\u043f\u0430\u0440\u0430\u0442 \u041e\u0442\u0434\u0435\u043b \u0440\u0435\u0430\u043b\u0438\u0437\u0430\u0446\u0438\u0438 \u043d\u0435\u0444\u0442\u0435\u043f\u0440\u043e\u0434\u0443\u043a\u0442\u043e\u0432 \u0438 \u0440\u0430\u0437\u0432\u0438\u0442\u0438\u044f \u043f\u0440\u043e\u0435\u043a\u0442\u043e\u0432", "action_flag": 1, "change_message": "[{\"added\": {}}]"}}, {"model": "admin.logentry", "pk": 123, "fields": {"action_time": "2019-05-20T10:29:23.071Z", "user": 1, "content_type": 12, "object_id": "60", "object_repr": "\u0414\u0443\u043d\u0438\u0441\u043e\u0432 \u041d\u0438\u043a\u043e\u043b\u0430\u0439 \u0418\u0433\u043e\u0440\u0435\u0432\u0438\u0447", "action_flag": 1, "change_message": "[{\"added\": {}}]"}}, {"model": "admin.logentry", "pk": 124, "fields": {"action_time": "2019-05-20T10:30:21.424Z", "user": 1, "content_type": 8, "object_id": "8", "object_repr": "\u0414\u0435\u043f\u0430\u0440\u0442\u0430\u043c\u0435\u043d\u0442 \u0440\u0435\u0430\u043b\u0438\u0437\u0430\u0446\u0438\u0438 \u043d\u0435\u0444\u0442\u0435\u043f\u0440\u043e\u0434\u0443\u043a\u0442\u043e\u0432 \u0426\u0435\u043d\u0442\u0440\u0430\u043b\u044c\u043d\u043e\u0433\u043e \u0430\u043f\u043f\u0430\u0440\u0430\u0442 \u041e\u0442\u0434\u0435\u043b \u043e\u0431\u0441\u043b\u0443\u0436\u0438\u0432\u0430\u043d\u0438\u044f \u043a\u043e\u0440\u043f\u043e\u0440\u0430\u0442\u0438\u0432\u043d\u044b\u0445 \u043a\u043b\u0438\u0435\u043d\u0442\u043e\u0432", "action_flag": 1, "change_message": "[{\"added\": {}}]"}}, {"model": "admin.logentry", "pk": 125, "fields": {"action_time": "2019-05-20T10:30:56.441Z", "user": 1, "content_type": 12, "object_id": "61", "object_repr": "\u0416\u0430\u0433\u0430\u043b\u0431\u0430\u0435\u0432\u0430 \u041c\u0435\u0440\u0443\u0435\u0440\u0442 \u041a\u043e\u0437\u044b\u043a\u043e\u0440\u043f\u0435\u0448\u043e\u0432\u043d\u0430", "action_flag": 1, "change_message": "[{\"added\": {}}]"}}, {"model": "admin.logentry", "pk": 126, "fields": {"action_time": "2019-05-20T10:31:30.427Z", "user": 1, "content_type": 12, "object_id": "62", "object_repr": "\u041a\u0443\u043b\u044c\u0436\u0438\u043a\u0435\u043d\u043e\u0432\u0430 \u0410\u043d\u0435\u0437\u0430 \u0423\u0440\u0430\u043b\u043e\u0432\u043d\u0430", "action_flag": 1, "change_message": "[{\"added\": {}}]"}}, {"model": "admin.logentry", "pk": 127, "fields": {"action_time": "2019-05-20T10:31:55.850Z", "user": 1, "content_type": 8, "object_id": "9", "object_repr": "\u0414\u0435\u043f\u0430\u0440\u0442\u0430\u043c\u0435\u043d\u0442 \u0440\u0435\u0430\u043b\u0438\u0437\u0430\u0446\u0438\u0438 \u043d\u0435\u0444\u0442\u0435\u043f\u0440\u043e\u0434\u0443\u043a\u0442\u043e\u0432 \u0426\u0435\u043d\u0442\u0440\u0430\u043b\u044c\u043d\u043e\u0433\u043e \u0430\u043f\u043f\u0430\u0440\u0430\u0442 \u041e\u0442\u0434\u0435\u043b \u0432\u0437\u0430\u0438\u043c\u043e\u0434\u0435\u0439\u0441\u0442\u0432\u0438\u044f \u0441 \u0446\u0435\u043d\u0442\u0440\u0430\u043c\u0438 \u043f\u0440\u043e\u0434\u0430\u0436", "action_flag": 1, "change_message": "[{\"added\": {}}]"}}, {"model": "admin.logentry", "pk": 128, "fields": {"action_time": "2019-05-20T10:33:08.462Z", "user": 1, "content_type": 12, "object_id": "63", "object_repr": "\u041e\u0440\u044b\u043d\u0493\u0430\u043b\u0438 \u0413\u0430\u0443\u0445\u0430\u0440 \u0411\u0430\u0445\u044b\u0442\u049b\u044b\u0437\u044b", "action_flag": 1, "change_message": "[{\"added\": {}}]"}}, {"model": "admin.logentry", "pk": 129, "fields": {"action_time": "2019-05-20T10:33:37.340Z", "user": 1, "content_type": 12, "object_id": "64", "object_repr": "\u0411\u0443\u0448\u0430\u043d\u043e\u0432\u0430 \u0410\u0439\u0433\u0435\u0440\u0438\u043c \u041d\u0443\u0440\u043b\u0430\u043d\u043e\u0432\u043d\u0430", "action_flag": 1, "change_message": "[{\"added\": {}}]"}}, {"model": "admin.logentry", "pk": 130, "fields": {"action_time": "2019-05-20T10:34:07.806Z", "user": 1, "content_type": 12, "object_id": "65", "object_repr": "\u0410\u043b\u043f\u044b\u0441\u0431\u0430\u0435\u0432\u0430 \u0410\u0439\u0433\u0435\u0440\u0438\u043c \u0415\u0440\u0436\u0430\u043d\u043e\u0432\u043d\u0430", "action_flag": 1, "change_message": "[{\"added\": {}}]"}}, {"model": "admin.logentry", "pk": 131, "fields": {"action_time": "2019-05-20T10:34:39.195Z", "user": 1, "content_type": 10, "object_id": "19", "object_repr": "\u0413\u043b\u0430\u0432\u043d\u044b\u0439 \u0441\u043f\u0435\u0446\u0438\u0430\u043b\u0438\u0441\u0442", "action_flag": 1, "change_message": "[{\"added\": {}}]"}}, {"model": "admin.logentry", "pk": 132, "fields": {"action_time": "2019-05-20T10:35:02.403Z", "user": 1, "content_type": 12, "object_id": "66", "object_repr": "\u0410\u0442\u0430\u0445\u0430\u043d\u043e\u0432\u0430 \u0413\u0443\u043b\u044c\u043d\u0443\u0440 \u041d\u0443\u0440\u043c\u0430\u0445\u0430\u043d\u0431\u0435\u0442\u043e\u0432\u043d\u0430", "action_flag": 1, "change_message": "[{\"added\": {}}]"}}, {"model": "admin.logentry", "pk": 133, "fields": {"action_time": "2019-05-20T10:35:46.748Z", "user": 1, "content_type": 12, "object_id": "67", "object_repr": "\u0422\u043b\u0435\u043f\u043e\u0432\u0430 \u0410\u044f\u0433\u043e\u0437 \u0415\u0440\u0431\u043e\u043b\u043e\u0432\u043d\u0430", "action_flag": 1, "change_message": "[{\"added\": {}}]"}}, {"model": "admin.logentry", "pk": 134, "fields": {"action_time": "2019-05-20T10:36:11.500Z", "user": 1, "content_type": 12, "object_id": "68", "object_repr": "\u041c\u0443\u0441\u0430\u0442\u0430\u0435\u0432\u0430 \u0410\u0439\u0442\u0436\u0430\u043d \u0411\u0435\u0440\u0438\u043a\u043e\u0432\u043d\u0430", "action_flag": 1, "change_message": "[{\"added\": {}}]"}}, {"model": "admin.logentry", "pk": 135, "fields": {"action_time": "2019-05-20T10:36:36.129Z", "user": 1, "content_type": 12, "object_id": "69", "object_repr": "\u0413\u0440\u0443\u0431\u0435\u0440 \u0412\u043b\u0430\u0434\u0438\u0441\u043b\u0430\u0432 \u042f\u043a\u043e\u0432\u043b\u0435\u0432\u0438\u0447", "action_flag": 1, "change_message": "[{\"added\": {}}]"}}, {"model": "admin.logentry", "pk": 136, "fields": {"action_time": "2019-05-20T10:36:59.480Z", "user": 1, "content_type": 8, "object_id": "10", "object_repr": "\u0414\u0435\u043f\u0430\u0440\u0442\u0430\u043c\u0435\u043d\u0442 \u0442\u0435\u0445\u043d\u0438\u0447\u0435\u0441\u043a\u043e\u0439 \u043f\u043e\u0434\u0434\u0435\u0440\u0436\u043a\u0438 \u0426\u0435\u043d\u0442\u0440\u0430\u043b\u044c\u043d\u043e\u0433\u043e \u0430\u043f\u043f\u0430\u0440\u0430\u0442 \u041e\u0442\u0434\u0435\u043b \u043f\u0440\u043e\u0438\u0437\u0432\u043e\u0434\u0441\u0442\u0432\u0435\u043d\u043d\u043e-\u0442\u0435\u0445\u043d\u0438\u0447\u0435\u0441\u043a\u043e\u0433\u043e \u043e\u0431\u0435\u0441\u043f\u0435\u0447\u0435\u043d\u0438\u044f \u0438 \u0440\u0435\u043c\u043e\u043d\u0442\u0430", "action_flag": 1, "change_message": "[{\"added\": {}}]"}}, {"model": "admin.logentry", "pk": 137, "fields": {"action_time": "2019-05-20T10:37:21.532Z", "user": 1, "content_type": 12, "object_id": "70", "object_repr": "\u0425\u0430\u043b\u0438\u0445\u043e\u0432 \u041c\u0438\u0440\u0430\u0442 \u0414\u0430\u0443\u043b\u0435\u0442\u043a\u0435\u0440\u0435\u0435\u0432\u0438\u0447", "action_flag": 1, "change_message": "[{\"added\": {}}]"}}, {"model": "admin.logentry", "pk": 138, "fields": {"action_time": "2019-05-20T10:37:44.329Z", "user": 1, "content_type": 8, "object_id": "11", "object_repr": "\u0414\u0435\u043f\u0430\u0440\u0442\u0430\u043c\u0435\u043d\u0442 \u0442\u0435\u0445\u043d\u0438\u0447\u0435\u0441\u043a\u043e\u0439 \u043f\u043e\u0434\u0434\u0435\u0440\u0436\u043a\u0438 \u0426\u0435\u043d\u0442\u0440\u0430\u043b\u044c\u043d\u043e\u0433\u043e \u0430\u043f\u043f\u0430\u0440\u0430\u0442 \u041e\u0442\u0434\u0435\u043b \u0438\u043d\u0436\u0435\u043d\u0435\u0440\u043d\u043e-\u0442\u0435\u0445\u043d\u0438\u0447\u0435\u0441\u043a\u043e\u0439 \u0440\u0430\u0431\u043e\u0442\u044b \u0438 \u044d\u043d\u0435\u0440\u0433\u0435\u0442\u0438\u043a\u0438", "action_flag": 1, "change_message": "[{\"added\": {}}]"}}, {"model": "admin.logentry", "pk": 139, "fields": {"action_time": "2019-05-20T10:38:05.723Z", "user": 1, "content_type": 12, "object_id": "71", "object_repr": "\u041a\u0443\u043a\u0435\u0435\u0432 \u0421\u0435\u0440\u043a\u0435\u043d \u0421\u0435\u0440\u0438\u043a\u043e\u0432\u0438\u0447", "action_flag": 1, "change_message": "[{\"added\": {}}]"}}, {"model": "admin.logentry", "pk": 140, "fields": {"action_time": "2019-05-20T10:38:34.188Z", "user": 1, "content_type": 12, "object_id": "72", "object_repr": "\u041c\u0430\u043a\u0438\u0448\u0435\u0432 \u041a\u0443\u043b\u044c-\u0422\u0435\u0433\u0438\u043d \u0422\u0443\u0440\u0441\u0443\u043d\u043e\u0432\u0438\u0447", "action_flag": 1, "change_message": "[{\"added\": {}}]"}}, {"model": "admin.logentry", "pk": 141, "fields": {"action_time": "2019-05-20T10:39:11.933Z", "user": 1, "content_type": 12, "object_id": "73", "object_repr": "\u0421\u0443\u0445\u0430\u043d\u0431\u0435\u0440\u043b\u0438\u0435\u0432 \u0410\u0445\u043c\u0435\u0442\u0431\u0435\u043a \u0418\u043c\u0430\u0434\u0438\u043d\u043e\u0432\u0438\u0447", "action_flag": 1, "change_message": "[{\"added\": {}}]"}}, {"model": "admin.logentry", "pk": 142, "fields": {"action_time": "2019-05-20T10:39:40.535Z", "user": 1, "content_type": 12, "object_id": "74", "object_repr": "\u0422\u0443\u0442\u0435\u0435\u0432\u0430 \u041c\u0430\u0434\u0438\u043d\u0430 \u0421\u0430\u0431\u0438\u0442\u043e\u0432\u043d\u0430", "action_flag": 1, "change_message": "[{\"added\": {}}]"}}, {"model": "admin.logentry", "pk": 143, "fields": {"action_time": "2019-05-20T10:40:18.482Z", "user": 1, "content_type": 10, "object_id": "20", "object_repr": "\u041c\u0435\u0442\u0440\u043e\u043b\u043e\u0433", "action_flag": 1, "change_message": "[{\"added\": {}}]"}}, {"model": "admin.logentry", "pk": 144, "fields": {"action_time": "2019-05-20T10:40:21.407Z", "user": 1, "content_type": 12, "object_id": "75", "object_repr": "\u041c\u0443\u043a\u0430\u0448\u0435\u0432\u0430 \u0414\u0438\u043d\u0430\u0440\u0430 \u0422\u0430\u043b\u0433\u0430\u0442\u043e\u0432\u043d\u0430", "action_flag": 1, "change_message": "[{\"added\": {}}]"}}, {"model": "admin.logentry", "pk": 145, "fields": {"action_time": "2019-05-20T10:40:45.278Z", "user": 1, "content_type": 12, "object_id": "76", "object_repr": "\u041c\u0443\u043c\u0438\u043d\u043e\u0432 \u0411\u0430\u0445\u0440\u043e\u043c \u0411\u0430\u0445\u0442\u0438\u044f\u0440\u043e\u0432\u0438\u0447", "action_flag": 1, "change_message": "[{\"added\": {}}]"}}, {"model": "admin.logentry", "pk": 146, "fields": {"action_time": "2019-05-20T10:41:08.446Z", "user": 1, "content_type": 12, "object_id": "77", "object_repr": "\u041c\u0430\u043c\u044b\u0440\u0431\u0430\u0435\u0432 \u0492\u0430\u043b\u044b\u043c \u049a\u0430\u0431\u0434\u044b\u0440\u0430\u049b\u044b\u043c\u04b1\u043b\u044b", "action_flag": 1, "change_message": "[{\"added\": {}}]"}}, {"model": "admin.logentry", "pk": 147, "fields": {"action_time": "2019-05-21T10:18:01.637Z", "user": 1, "content_type": 12, "object_id": "77", "object_repr": "\u041c\u0430\u043c\u044b\u0440\u0431\u0430\u0435\u0432 \u0492\u0430\u043b\u044b\u043c \u049a\u0430\u0431\u0434\u044b\u0440\u0430\u049b\u044b\u043c\u04b1\u043b\u044b", "action_flag": 2, "change_message": "[{\"changed\": {\"fields\": [\"date_in\"]}}]"}}, {"model": "admin.logentry", "pk": 148, "fields": {"action_time": "2019-05-21T10:22:13.260Z", "user": 1, "content_type": 12, "object_id": "77", "object_repr": "\u041c\u0430\u043c\u044b\u0440\u0431\u0430\u0435\u0432 \u0492\u0430\u043b\u044b\u043c \u049a\u0430\u0431\u0434\u044b\u0440\u0430\u049b\u044b\u043c\u04b1\u043b\u044b", "action_flag": 2, "change_message": "[{\"changed\": {\"fields\": [\"status\"]}}]"}}, {"model": "admin.logentry", "pk": 149, "fields": {"action_time": "2019-05-21T10:29:06.517Z", "user": 1, "content_type": 12, "object_id": "77", "object_repr": "\u041c\u0430\u043c\u044b\u0440\u0431\u0430\u0435\u0432 \u0492\u0430\u043b\u044b\u043c \u049a\u0430\u0431\u0434\u044b\u0440\u0430\u049b\u044b\u043c\u04b1\u043b\u044b", "action_flag": 2, "change_message": "[{\"changed\": {\"fields\": [\"date_out\", \"date_in\"]}}]"}}, {"model": "admin.logentry", "pk": 150, "fields": {"action_time": "2019-05-22T05:39:41.042Z", "user": 1, "content_type": 11, "object_id": "12", "object_repr": "\u0410\u0442\u044b\u0440\u0430\u0443\u0441\u043a\u043e\u0439 \u043e\u0431\u043b\u0430\u0441\u0442\u0438", "action_flag": 2, "change_message": "[{\"changed\": {\"fields\": [\"name\"]}}]"}}, {"model": "admin.logentry", "pk": 151, "fields": {"action_time": "2019-05-22T05:39:46.359Z", "user": 1, "content_type": 11, "object_id": "11", "object_repr": "\u0416\u0430\u043c\u0431\u044b\u043b\u0441\u043a\u043e\u0439, \u041a\u044b\u0437\u044b\u043b\u043e\u0440\u0434\u0438\u043d\u0441\u043a\u043e\u0439 \u0438 \u042e\u0436\u043d\u043e-\u041a\u0430\u0437\u0430\u0445\u0441\u0442\u0430\u043d\u0441\u043a\u043e\u0439 \u043e\u0431\u043b\u0430\u0441\u0442\u044f\u043c", "action_flag": 2, "change_message": "[{\"changed\": {\"fields\": [\"name\"]}}]"}}, {"model": "admin.logentry", "pk": 152, "fields": {"action_time": "2019-05-22T05:39:52.005Z", "user": 1, "content_type": 11, "object_id": "10", "object_repr": "\u041c\u0430\u043d\u0433\u0438\u0441\u0442\u0430\u0443\u0441\u043a\u043e\u0439 \u043e\u0431\u043b\u0430\u0441\u0442\u0438", "action_flag": 2, "change_message": "[{\"changed\": {\"fields\": [\"name\"]}}]"}}, {"model": "admin.logentry", "pk": 153, "fields": {"action_time": "2019-05-22T05:39:57.311Z", "user": 1, "content_type": 11, "object_id": "9", "object_repr": "\u0410\u043a\u043c\u043e\u043b\u0438\u043d\u0441\u043a\u043e\u0439 \u0438 \u041a\u043e\u0441\u0442\u0430\u043d\u0430\u0439\u0441\u043a\u043e\u0439 \u043e\u0431\u043b\u0430\u0441\u0442\u044f\u043c", "action_flag": 2, "change_message": "[{\"changed\": {\"fields\": [\"name\"]}}]"}}, {"model": "admin.logentry", "pk": 154, "fields": {"action_time": "2019-05-22T05:40:03.597Z", "user": 1, "content_type": 11, "object_id": "8", "object_repr": "\u0421\u0435\u0432\u0435\u0440\u043e-\u041a\u0430\u0437\u0430\u0445\u0441\u0442\u0430\u043d\u0441\u043a\u043e\u0439 \u043e\u0431\u043b\u0430\u0441\u0442\u0438", "action_flag": 2, "change_message": "[{\"changed\": {\"fields\": [\"name\"]}}]"}}, {"model": "admin.logentry", "pk": 155, "fields": {"action_time": "2019-05-22T05:40:10.552Z", "user": 1, "content_type": 11, "object_id": "7", "object_repr": "\u0412\u043e\u0441\u0442\u043e\u0447\u043d\u043e-\u041a\u0430\u0437\u0430\u0445\u0441\u0442\u0430\u043d\u0441\u043a\u043e\u0439 \u043e\u0431\u043b\u0430\u0441\u0442\u0438", "action_flag": 2, "change_message": "[{\"changed\": {\"fields\": [\"name\"]}}]"}}, {"model": "admin.logentry", "pk": 156, "fields": {"action_time": "2019-05-22T05:40:16.807Z", "user": 1, "content_type": 11, "object_id": "6", "object_repr": "\u041a\u0430\u0440\u0430\u0433\u0430\u043d\u0434\u0438\u043d\u0441\u043a\u043e\u0439 \u043e\u0431\u043b\u0430\u0441\u0442\u0438", "action_flag": 2, "change_message": "[{\"changed\": {\"fields\": [\"name\"]}}]"}}, {"model": "admin.logentry", "pk": 157, "fields": {"action_time": "2019-05-22T05:40:23.200Z", "user": 1, "content_type": 11, "object_id": "5", "object_repr": "\u0417\u0430\u043f\u0430\u0434\u043d\u043e-\u041a\u0430\u0437\u0430\u0445\u0441\u0442\u0430\u043d\u0441\u043a\u043e\u0439 \u043e\u0431\u043b\u0430\u0441\u0442\u0438", "action_flag": 2, "change_message": "[{\"changed\": {\"fields\": [\"name\"]}}]"}}, {"model": "admin.logentry", "pk": 158, "fields": {"action_time": "2019-05-22T05:40:28.454Z", "user": 1, "content_type": 11, "object_id": "4", "object_repr": "\u0410\u043a\u0442\u044e\u0431\u0438\u043d\u0441\u043a\u043e\u0439 \u043e\u0431\u043b\u0430\u0441\u0442\u0438", "action_flag": 2, "change_message": "[{\"changed\": {\"fields\": [\"name\"]}}]"}}, {"model": "admin.logentry", "pk": 159, "fields": {"action_time": "2019-05-22T05:40:33.394Z", "user": 1, "content_type": 11, "object_id": "3", "object_repr": "\u0410\u043b\u043c\u0430\u0442\u044b \u0438 \u0410\u043b\u043c\u0430\u0442\u0438\u043d\u0441\u043a\u043e\u0439 \u043e\u0431\u043b\u0430\u0441\u0442\u0438", "action_flag": 2, "change_message": "[{\"changed\": {\"fields\": [\"name\"]}}]"}}, {"model": "admin.logentry", "pk": 160, "fields": {"action_time": "2019-05-22T05:40:38.864Z", "user": 1, "content_type": 11, "object_id": "2", "object_repr": "\u0433.\u0410\u0441\u0442\u0430\u043d\u0430 \u0438 \u041f\u0430\u0432\u043b\u043e\u0434\u0430\u0440\u0441\u043a\u043e\u0439 \u043e\u0431\u043b\u0430\u0441\u0442\u0438", "action_flag": 2, "change_message": "[{\"changed\": {\"fields\": [\"name\"]}}]"}}, {"model": "admin.logentry", "pk": 161, "fields": {"action_time": "2019-05-22T05:42:03.026Z", "user": 1, "content_type": 11, "object_id": "2", "object_repr": "\u0410\u0441\u0442\u0430\u043d\u0430 \u0438 \u041f\u0430\u0432\u043b\u043e\u0434\u0430\u0440\u0441\u043a\u043e\u0439 \u043e\u0431\u043b\u0430\u0441\u0442\u0438", "action_flag": 2, "change_message": "[{\"changed\": {\"fields\": [\"name\"]}}]"}}, {"model": "admin.logentry", "pk": 162, "fields": {"action_time": "2019-05-22T06:56:46.953Z", "user": 1, "content_type": 12, "object_id": "76", "object_repr": "\u041c\u0443\u043c\u0438\u043d\u043e\u0432 \u0411\u0430\u0445\u0440\u043e\u043c \u0411\u0430\u0445\u0442\u0438\u044f\u0440\u043e\u0432\u0438\u0447", "action_flag": 2, "change_message": "[{\"changed\": {\"fields\": [\"status\"]}}]"}}, {"model": "admin.logentry", "pk": 163, "fields": {"action_time": "2019-05-22T06:57:26.109Z", "user": 1, "content_type": 12, "object_id": "74", "object_repr": "\u0422\u0443\u0442\u0435\u0435\u0432\u0430 \u041c\u0430\u0434\u0438\u043d\u0430 \u0421\u0430\u0431\u0438\u0442\u043e\u0432\u043d\u0430", "action_flag": 2, "change_message": "[{\"changed\": {\"fields\": [\"status\"]}}]"}}, {"model": "admin.logentry", "pk": 164, "fields": {"action_time": "2019-05-22T06:57:42.957Z", "user": 1, "content_type": 12, "object_id": "73", "object_repr": "\u0421\u0443\u0445\u0430\u043d\u0431\u0435\u0440\u043b\u0438\u0435\u0432 \u0410\u0445\u043c\u0435\u0442\u0431\u0435\u043a \u0418\u043c\u0430\u0434\u0438\u043d\u043e\u0432\u0438\u0447", "action_flag": 2, "change_message": "[{\"changed\": {\"fields\": [\"status\"]}}]"}}, {"model": "admin.logentry", "pk": 165, "fields": {"action_time": "2019-05-22T06:58:13.850Z", "user": 1, "content_type": 12, "object_id": "5", "object_repr": "\u0428\u043e\u0442\u0430\u043d\u043e\u0432 \u0422\u0443\u043b\u0435\u043c\u0438\u0441 \u0421\u0430\u0434\u044b\u043a\u043e\u0432\u0438\u0447", "action_flag": 2, "change_message": "[{\"changed\": {\"fields\": [\"status\"]}}]"}}, {"model": "admin.logentry", "pk": 166, "fields": {"action_time": "2019-05-22T06:59:56.459Z", "user": 1, "content_type": 12, "object_id": "32", "object_repr": "\u0410\u0439\u0442\u0436\u0430\u043d\u043e\u0432 \u0410\u043b\u0456\u0445\u0430\u043d \u0411\u0456\u0440\u0436\u0430\u043d\u04b1\u043b\u044b", "action_flag": 2, "change_message": "[{\"changed\": {\"fields\": [\"status\", \"date_out\", \"date_in\"]}}]"}}]